Year Release,Job Code,Project Name,Structure Name,Job Location,Contractor,Agency,Engineer,Part Description,Product Number,Quantity,Weight,Part Type,Part Subtype
2025,EGP,EGP Point Grand (aka Watson Oaks),,"Gainesville, Florida",Phone:,,,,,"Job Name: EGP Point Grand (aka Watson Oaks)
Job Number:
Location: Gainesville, Florida
Contractor:
Phone:",,,
2025,EGP,EGP Point Grand (aka Watson Oaks),,"Gainesville, Florida",Phone:,,,4 C905 DR18,1,,8QRS PSX:DD,,
2025,EGP,EGP Point Grand (aka Watson Oaks),,"Gainesville, Florida",Phone:,,,"8"" PVC Sdr 26",1,,12-08 PSX:DD,,
2025,EGP,EGP Point Grand (aka Watson Oaks),,"Gainesville, Florida",Phone:,,,,,Quantity Part Number Description Weight (lbs),,,
2025,EGP,EGP Point Grand (aka Watson Oaks),,"Gainesville, Florida",Phone:,,,,,"Connectors 1 12-08 PSX-DD 12-08 PSX:DD
1 8QRS PSX-DD 8QRS PSX:DD",,,
2026,EGQ,EGQ Coventa FM Replacement Ph 2,MH-A Remake,"Fairfax, VA",Phone:,,,,,"Job Name: EGQ Coventa FM Replacement Ph 2
Job Number:
Location: Fairfax, VA
Contractor:
Phone:",,,
2026,EGQ,EGQ Coventa FM Replacement Ph 2,MH-A Remake,"Fairfax, VA",Phone:,,,"10"" HDPE DR11",1,,Cast-a-Seal 603-10,,
2026,EGQ,EGQ Coventa FM Replacement Ph 2,MH-A Remake,"Fairfax, VA",Phone:,,,"18"" C905 DR18",1,,24L PSX-2:DD,,
2026,EGQ,EGQ Coventa FM Replacement Ph 2,MH-A Remake,"Fairfax, VA",Phone:,,,,,Quantity Part Number Description Weight (lbs),,,
2026,EGQ,EGQ Coventa FM Replacement Ph 2,MH-A Remake,"Fairfax, VA",Phone:,,,,,"Connectors 1 24L PSX-2-DD 24L PSX-2:DD
1 CAST-A-SEAL 603-10 CAST-A-SEAL 603-10",,,
2026,EGQ,EGQ Coventa FM Replacement Ph 2,,"Fairfax, VA",Phone:,,,,,"Job Name: EGQ Coventa FM Replacement Ph 2
Job Number:
Location: Fairfax, VA
Contractor:
Phone:",,,
2026,EGQ,EGQ Coventa FM Replacement Ph 2,,"Fairfax, VA",Phone:,,,"10"" HDPE DR11",1,,Cast-a-Seal 603-10,,
2026,EGQ,EGQ Coventa FM Replacement Ph 2,,"Fairfax, VA",Phone:,,,"12"" PVC Sdr 18",1,,Cast-a-Seal 603-12,,
2026,EGQ,EGQ Coventa FM Replacement Ph 2,,"Fairfax, VA",Phone:,,,,,Quantity Part Number Description Weight (lbs),,,
2026,EGQ,EGQ Coventa FM Replacement Ph 2,,"Fairfax, VA",Phone:,,,,,"Connectors 1 CAST-A-SEAL 603-10 CAST-A-SEAL 603-10
1 CAST-A-SEAL 603-12 CAST-A-SEAL 603-12",,,
2006,EGR,EGR City of Sachse Sonic Drive in,Selected,"Sachse, TX",Phone:,,,,,"Job Name: EGR City of Sachse Sonic Drive in
Job Number:
Location: Sachse, TX
Contractor:
Phone:",,,
2006,EGR,EGR City of Sachse Sonic Drive in,Selected,"Sachse, TX",Phone:,,,,,Quantity Part Number Description Weight (lbs),,,
2026,EGR,EGR City of Sachse Sonic Drive in,Selected,"Sachse, TX",Phone:,,,,,"Job Name: EGR City of Sachse Sonic Drive in
Job Number:
Location: Sachse, TX
Contractor:
Phone:",,,
2026,EGR,EGR City of Sachse Sonic Drive in,Selected,"Sachse, TX",Phone:,,,,,Quantity Part Number Description Weight (lbs),,,
2026,EGS,EGS 8983 BRIDGECREEK DR,,"Jacksonville, FL",Phone:,,,,,"Job Name: EGS 8983 BRIDGECREEK DR
Job Number:
Location: Jacksonville, FL
Contractor:
Phone:",,,
2026,EGS,EGS 8983 BRIDGECREEK DR,,"Jacksonville, FL",Phone:,,,"8"" PVC Sdr 26",2,,12-08 PSX:DD,,
2026,EGS,EGS 8983 BRIDGECREEK DR,,"Jacksonville, FL",Phone:,,,,,Quantity Part Number Description Weight (lbs),,,
2026,EGS,EGS 8983 BRIDGECREEK DR,,"Jacksonville, FL",Phone:,,,,,Connectors 2 12-08 PSX-DD 12-08 PSX:DD,,,
2026,EGT,"EGT Northstar Lift Station & 12"" Force Main",,"Forth Worth, TX",Phone:,,,,,"Job Name: EGT Northstar Lift Station & 12"" Force Main
Job Number:
Location: Forth Worth, TX
Tarrant County
Contractor:
Phone:",,,
2026,EGT,"EGT Northstar Lift Station & 12"" Force Main",,"Forth Worth, TX",Phone:,,,"12"" PVC C-900",1,,16M PSX:DD,,
2026,EGT,"EGT Northstar Lift Station & 12"" Force Main",,"Forth Worth, TX",Phone:,,,"21"" PVC Sdr 26",1,,26L PSX-2:DD,,
2026,EGT,"EGT Northstar Lift Station & 12"" Force Main",,"Forth Worth, TX",Phone:,,,"8"" C900 DR25",1,,12M PSX:DD,,
2026,EGT,"EGT Northstar Lift Station & 12"" Force Main",,"Forth Worth, TX",Phone:,,,,,Quantity Part Number Description Weight (lbs),,,
2026,EGT,"EGT Northstar Lift Station & 12"" Force Main",,"Forth Worth, TX",Phone:,,,,,"Connectors 1 12M PSX:DD
1 16M PSX-DD 16M PSX:DD
1 26L PSX-2:DD",,,
2026,EGU,EGU Brunswick Pines Phase 1,Selected,"Brunswick County, NC",Phone:,,,,,"Job Name: EGU Brunswick Pines Phase 1
Job Number:
Location: Brunswick County, NC
Contractor:
Phone:",,,
2026,EGU,EGU Brunswick Pines Phase 1,Selected,"Brunswick County, NC",Phone:,,,"4"" PVC Schd 80",1,,8QRS PSX:DD,,
2026,EGU,EGU Brunswick Pines Phase 1,Selected,"Brunswick County, NC",Phone:,,,"6"" Ductile Iron",1,,LS-410-S316-10,,
2026,EGU,EGU Brunswick Pines Phase 1,Selected,"Brunswick County, NC",Phone:,,,"6"" Ductile Iron",2,,12-06 PSX:DD,,
2026,EGU,EGU Brunswick Pines Phase 1,Selected,"Brunswick County, NC",Phone:,,,"8"" PVC C-900",3,,12M PSX:DD,,
2026,EGU,EGU Brunswick Pines Phase 1,Selected,"Brunswick County, NC",Phone:,,,"8"" PVC Schd 80",1,,12-08 PSX:DD,,
2026,EGU,EGU Brunswick Pines Phase 1,Selected,"Brunswick County, NC",Phone:,,,,,Quantity Part Number Description Weight (lbs),,,
2026,EGU,EGU Brunswick Pines Phase 1,Selected,"Brunswick County, NC",Phone:,,,,,Connectors 3 12M PSX:DD,,,
2026,EGU,EGU Brunswick Pines Phase 1,Selected,"Brunswick County, NC",Phone:,,,,,"Job Name: EGU Brunswick Pines Phase 1
Job Number:
Location: Brunswick County, NC
Contractor:
Phone:",,,
2026,EGU,EGU Brunswick Pines Phase 1,Selected,"Brunswick County, NC",Phone:,,,"4"" PVC Schd 80",1,,8QRS PSX:DD,,
2026,EGU,EGU Brunswick Pines Phase 1,Selected,"Brunswick County, NC",Phone:,,,"6"" Ductile Iron",1,,LS-410-S316-10,,
2026,EGU,EGU Brunswick Pines Phase 1,Selected,"Brunswick County, NC",Phone:,,,"6"" Ductile Iron",2,,12-06 PSX:DD,,
2026,EGU,EGU Brunswick Pines Phase 1,Selected,"Brunswick County, NC",Phone:,,,"8"" PVC C-900",3,,12M PSX:DD,,
2026,EGU,EGU Brunswick Pines Phase 1,Selected,"Brunswick County, NC",Phone:,,,"8"" PVC Schd 80",1,,12-08 PSX:DD,,
2026,EGU,EGU Brunswick Pines Phase 1,Selected,"Brunswick County, NC",Phone:,,,,,Quantity Part Number Description Weight (lbs),,,
2026,EGU,EGU Brunswick Pines Phase 1,Selected,"Brunswick County, NC",Phone:,,,,,Connectors 3 12M PSX:DD,,,
2026,EGV,EGV Manatee MH 20347,,"Bradenton, Florida",Phone:,,,,,"Job Name: EGV Manatee MH 20347
Job Number:
Location: Bradenton, Florida
Manatee County
Contractor:
Phone:",,,
2026,EGV,EGV Manatee MH 20347,,"Bradenton, Florida",Phone:,,,"8"" PVC Sdr 26",2,,Cast-a-Seal 603-08,,
2026,EGV,EGV Manatee MH 20347,,"Bradenton, Florida",Phone:,,,,,Quantity Part Number Description Weight (lbs),,,
2026,EGV,EGV Manatee MH 20347,,"Bradenton, Florida",Phone:,,,,,Connectors 2 CAST-A-SEAL 603-08 CAST-A-SEAL 603-08,,,
2026,EGW,EGW Chandler Heights Retail Center,MH-1,"Gilbert, AZ",Phone:,,,,,"Job Name: EGW Chandler Heights Retail Center
Job Number:
Location: Gilbert, AZ
Contractor:
Phone:",,,
2026,EGW,EGW Chandler Heights Retail Center,MH-1,"Gilbert, AZ",Phone:,,,"12"" PVC Sdr 35",1,,Cast-a-Seal 603-12,,
2026,EGW,EGW Chandler Heights Retail Center,MH-1,"Gilbert, AZ",Phone:,,,"6"" PVC Sdr 35",1,,Cast-a-Seal 402-06,,
2026,EGW,EGW Chandler Heights Retail Center,MH-1,"Gilbert, AZ",Phone:,,,,,Quantity Part Number Description Weight (lbs),,,
2026,EGW,EGW Chandler Heights Retail Center,MH-1,"Gilbert, AZ",Phone:,,,,,"Connectors 1 CAST-A-SEAL 402-06 CAST-A-SEAL 402-06
1 CAST-A-SEAL 603-12 CAST-A-SEAL 603-12",,,
2026,EGX,EGX SE County Metal Gravity Pipe Replacements,Selected,"Manatee County, FL",Phone:,,,,,"Job Name: EGX SE County Metal Gravity Pipe Replacements
Job Number:
Location: Manatee County, FL
Contractor:
Phone:",,,
2026,EGX,EGX SE County Metal Gravity Pipe Replacements,Selected,"Manatee County, FL",Phone:,,,"10"" PVC Sdr 26",2,,Cast-a-Seal 603-10,,
2026,EGX,EGX SE County Metal Gravity Pipe Replacements,Selected,"Manatee County, FL",Phone:,,,"16"" C905 DR25",1,,20A PSX:DD,,
2026,EGX,EGX SE County Metal Gravity Pipe Replacements,Selected,"Manatee County, FL",Phone:,,,"16"" PVC C-900",2,,20A PSX-2:DD,,
2026,EGX,EGX SE County Metal Gravity Pipe Replacements,Selected,"Manatee County, FL",Phone:,,,36 C900 DR25,2,,42A PSX-2:DD,,
2026,EGX,EGX SE County Metal Gravity Pipe Replacements,Selected,"Manatee County, FL",Phone:,,,"6"" PVC Sdr 26",3,,12-06 PSX:DD,,
2026,EGX,EGX SE County Metal Gravity Pipe Replacements,Selected,"Manatee County, FL",Phone:,,,"8"" PVC Sdr 26",1,,12-08 PSX:DD,,
2026,EGX,EGX SE County Metal Gravity Pipe Replacements,Selected,"Manatee County, FL",Phone:,,,"8"" PVC Sdr 26",2,,Cast-a-Seal 603-08,,
2026,EGX,EGX SE County Metal Gravity Pipe Replacements,Selected,"Manatee County, FL",Phone:,,,,,Quantity Part Number Description Weight (lbs),,,
2026,EGX,EGX SE County Metal Gravity Pipe Replacements,Selected,"Manatee County, FL",Phone:,,,,,"Connectors 3 12-06 PSX-DD 12-06 PSX:DD
1 12-08 PSX-DD 12-08 PSX:DD
1 20A PSX:DD
2 20A PSX-2:DD
2 42A PSX-2-DD 42A PSX-2:DD
2 CAST-A-SEAL 603-08 CAST-A-SEAL 603-08
2 CAST-A-SEAL 603-10 CAST-A-SEAL 603-10",,,
2026,EGX,EGX SE County Metal Gravity Pipe Replacements,Selected,"Manatee County, FL",Phone:,,,,,"Job Name: EGX SE County Metal Gravity Pipe Replacements
Job Number:
Location: Manatee County, FL
Contractor:
Phone:",,,
2026,EGX,EGX SE County Metal Gravity Pipe Replacements,Selected,"Manatee County, FL",Phone:,,,"16"" C905 DR25",1,,Cast-a-Seal 802.1740,,
2026,EGX,EGX SE County Metal Gravity Pipe Replacements,Selected,"Manatee County, FL",Phone:,,,"16"" PVC C-900",2,,Cast-a-Seal 802.1740,,
2026,EGX,EGX SE County Metal Gravity Pipe Replacements,Selected,"Manatee County, FL",Phone:,,,36 C900 DR25,2,,Cast-a-Seal 802.3830,,
2026,EGX,EGX SE County Metal Gravity Pipe Replacements,Selected,"Manatee County, FL",Phone:,,,"6"" PVC Sdr 26",2,,12-06 PSX:DD,,
2026,EGX,EGX SE County Metal Gravity Pipe Replacements,Selected,"Manatee County, FL",Phone:,,,"8"" PVC Sdr 26",1,,Cast-a-Seal 603-08,,
2026,EGX,EGX SE County Metal Gravity Pipe Replacements,Selected,"Manatee County, FL",Phone:,,,,,Quantity Part Number Description Weight (lbs),,,
2026,EGX,EGX SE County Metal Gravity Pipe Replacements,Selected,"Manatee County, FL",Phone:,,,,,"Connectors 1 CAST-A-SEAL 603-08 CAST-A-SEAL 603-08
3 CAST-A-SEAL 802.1740
2 CAST-A-SEAL 802.3830",,,
2026,EGX,EGX SE County Metal Gravity Pipe Replacements,MH-2 (C01) - Remake2,"Manatee County, FL",Phone:,,,,,"Job Name: EGX SE County Metal Gravity Pipe Replacements
Job Number:
Location: Manatee County, FL
Contractor:
Phone:",,,
2026,EGX,EGX SE County Metal Gravity Pipe Replacements,MH-2 (C01) - Remake2,"Manatee County, FL",Phone:,,,"16"" PVC C-900",1,,Cast-a-Seal 802.1740,,
2026,EGX,EGX SE County Metal Gravity Pipe Replacements,MH-2 (C01) - Remake2,"Manatee County, FL",Phone:,,,"18"" PVC Sdr 26",1,,Cast-a-Seal 603-18,,
2026,EGX,EGX SE County Metal Gravity Pipe Replacements,MH-2 (C01) - Remake2,"Manatee County, FL",Phone:,,,"6"" PVC Sdr 26",1,,Cast-a-Seal 402-06,,
2026,EGX,EGX SE County Metal Gravity Pipe Replacements,MH-2 (C01) - Remake2,"Manatee County, FL",Phone:,,,"6"" PVC Sdr 26",1,,"Encase 6"" Elbow",,
2026,EGX,EGX SE County Metal Gravity Pipe Replacements,MH-2 (C01) - Remake2,"Manatee County, FL",Phone:,,,"8"" PVC Sdr 26",1,,Cast-a-Seal 603-08,,
2026,EGX,EGX SE County Metal Gravity Pipe Replacements,MH-2 (C01) - Remake2,"Manatee County, FL",Phone:,,,,,Quantity Part Number Description Weight (lbs),,,
2026,EGX,EGX SE County Metal Gravity Pipe Replacements,MH-2 (C01) - Remake2,"Manatee County, FL",Phone:,,,,,"Connectors 2 CAST-A-SEAL 402-06 CAST-A-SEAL 402-06
1 CAST-A-SEAL 603-08 CAST-A-SEAL 603-08
1 CAST-A-SEAL 603-18 CAST-A-SEAL 603-18
1 CAST-A-SEAL 802.1740",,,
2026,EGX,EGX SE County Metal Gravity Pipe Replacements,Selected,"Manatee County, FL",Phone:,,,,,"Job Name: EGX SE County Metal Gravity Pipe Replacements
Job Number:
Location: Manatee County, FL
Contractor:
Phone:",,,
2026,EGX,EGX SE County Metal Gravity Pipe Replacements,Selected,"Manatee County, FL",Phone:,,,"16"" C905 DR25",1,,Cast-a-Seal 802.1740,,
2026,EGX,EGX SE County Metal Gravity Pipe Replacements,Selected,"Manatee County, FL",Phone:,,,"16"" PVC C-900",2,,Cast-a-Seal 802.1740,,
2026,EGX,EGX SE County Metal Gravity Pipe Replacements,Selected,"Manatee County, FL",Phone:,,,36 C900 DR25,2,,Cast-a-Seal 802.3830,,
2026,EGX,EGX SE County Metal Gravity Pipe Replacements,Selected,"Manatee County, FL",Phone:,,,"6"" PVC Sdr 26",2,,12-06 PSX:DD,,
2026,EGX,EGX SE County Metal Gravity Pipe Replacements,Selected,"Manatee County, FL",Phone:,,,"8"" PVC Sdr 26",1,,Cast-a-Seal 12-08,,
2026,EGX,EGX SE County Metal Gravity Pipe Replacements,Selected,"Manatee County, FL",Phone:,,,,,Quantity Part Number Description Weight (lbs),,,
2026,EGX,EGX SE County Metal Gravity Pipe Replacements,Selected,"Manatee County, FL",Phone:,,,,,"Connectors 1 CAST-A-SEAL 12-08
3 CAST-A-SEAL 802.1740
2 CAST-A-SEAL 802.3830",,,
2026,EGY,EGY SU Rehab Inserts,Selected,"Leland, NC",Phone:,,,,,"Job Name: EGY SU Rehab Inserts
Job Number:
Location: Leland, NC
Contractor:
Phone:",,,
2026,EGY,EGY SU Rehab Inserts,Selected,"Leland, NC",Phone:,,,"18"" PVC Sdr 35",2,,DogHouse,,
2026,EGY,EGY SU Rehab Inserts,Selected,"Leland, NC",Phone:,,,,,Quantity Part Number Description Weight (lbs),,,
2026,EGY,EGY SU Rehab Inserts,Selected,"Leland, NC",Phone:,,,,,"Job Name: EGY SU Rehab Inserts
Job Number:
Location: Leland, NC
Contractor:
Phone:",,,
2026,EGY,EGY SU Rehab Inserts,Selected,"Leland, NC",Phone:,,,"18"" PVC Sdr 35",2,,DogHouse,,
2026,EGY,EGY SU Rehab Inserts,Selected,"Leland, NC",Phone:,,,,,Quantity Part Number Description Weight (lbs),,,
2026,EGZ,EGZ Ripa - Authentix Robinson Gateway,Selected,"Palmetto, FL",Phone:,,,,,"Job Name: EGZ Ripa - Authentix Robinson Gateway
Job Number:
Location: Palmetto, FL
Manatee County
Contractor:
Phone:",,,
2026,EGZ,EGZ Ripa - Authentix Robinson Gateway,Selected,"Palmetto, FL",Phone:,,,4 HDPE DR11,2,,Mortar,,
2026,EGZ,EGZ Ripa - Authentix Robinson Gateway,Selected,"Palmetto, FL",Phone:,,,"4"" PVC Schd 80",1,,Mortar,,
2026,EGZ,EGZ Ripa - Authentix Robinson Gateway,Selected,"Palmetto, FL",Phone:,,,"8"" PVC Sdr 26",8,,Cast-a-Seal 603-08,,
2026,EGZ,EGZ Ripa - Authentix Robinson Gateway,Selected,"Palmetto, FL",Phone:,,,,,Quantity Part Number Description Weight (lbs),,,
2026,EGZ,EGZ Ripa - Authentix Robinson Gateway,Selected,"Palmetto, FL",Phone:,,,,,Connectors 8 CAST-A-SEAL 603-08 CAST-A-SEAL 603-08,,,
2026,EHA,EHA Knights Trail Rd LS,Selected,"Nokimis, FL",Phone:,,,,,"Job Name: EHA Knights Trail Rd LS
Job Number:
Location: Nokimis, FL
Contractor:
Phone:",,,
2026,EHA,EHA Knights Trail Rd LS,Selected,"Nokimis, FL",Phone:,,,12 PVC DR-14,5,,16M PSX:DD,,
2026,EHA,EHA Knights Trail Rd LS,Selected,"Nokimis, FL",Phone:,,,2 PVC Sdr 26,1,,8QRS PSX:DD,,
2026,EHA,EHA Knights Trail Rd LS,Selected,"Nokimis, FL",Phone:,,,4 PVC DR-14,2,,8QRS PSX:DD,,
2026,EHA,EHA Knights Trail Rd LS,Selected,"Nokimis, FL",Phone:,,,"4"" PVC Sdr 26",1,,Mortar,,
2026,EHA,EHA Knights Trail Rd LS,Selected,"Nokimis, FL",Phone:,,,"6"" HDPE DR11",3,,12-06 PSX:DD,,
2026,EHA,EHA Knights Trail Rd LS,Selected,"Nokimis, FL",Phone:,,,8 PVC DR-14,1,,12M PSX:DD,,
2026,EHA,EHA Knights Trail Rd LS,Selected,"Nokimis, FL",Phone:,,,"8"" HDPE DR11",1,,12-08 PSX:DD,,
2026,EHA,EHA Knights Trail Rd LS,Selected,"Nokimis, FL",Phone:,,,,,Quantity Part Number Description Weight (lbs),,,
2026,EHA,EHA Knights Trail Rd LS,Selected,"Nokimis, FL",Phone:,,,,,"Connectors 1 12M PSX:DD
4 16M PSX-DD 16M PSX:DD
2 8QRS PSX-DD 8QRS PSX:DD",,,
2026,EHA,EHA Knights Trail Rd LS,Selected,"Nokimis, FL",Phone:,,,,,"Job Name: EHA Knights Trail Rd LS
Job Number:
Location: Nokimis, FL
Contractor:
Phone:",,,
2026,EHA,EHA Knights Trail Rd LS,Selected,"Nokimis, FL",Phone:,,,12 PVC DR-14,5,,16M PSX:DD,,
2026,EHA,EHA Knights Trail Rd LS,Selected,"Nokimis, FL",Phone:,,,2 PVC Sdr 26,1,,8QRS PSX:DD,,
2026,EHA,EHA Knights Trail Rd LS,Selected,"Nokimis, FL",Phone:,,,4 PVC DR-14,2,,8QRS PSX:DD,,
2026,EHA,EHA Knights Trail Rd LS,Selected,"Nokimis, FL",Phone:,,,"4"" PVC Sdr 26",1,,Mortar,,
2026,EHA,EHA Knights Trail Rd LS,Selected,"Nokimis, FL",Phone:,,,"6"" HDPE DR11",2,,LS-475-S316-10,,
2026,EHA,EHA Knights Trail Rd LS,Selected,"Nokimis, FL",Phone:,,,"6"" HDPE DR11",1,,12-06 PSX:DD,,
2026,EHA,EHA Knights Trail Rd LS,Selected,"Nokimis, FL",Phone:,,,8 PVC DR-14,1,,12M PSX:DD,,
2026,EHA,EHA Knights Trail Rd LS,Selected,"Nokimis, FL",Phone:,,,"8"" HDPE DR11",1,,12-08 PSX:DD,,
2026,EHA,EHA Knights Trail Rd LS,Selected,"Nokimis, FL",Phone:,,,,,Quantity Part Number Description Weight (lbs),,,
2026,EHA,EHA Knights Trail Rd LS,Selected,"Nokimis, FL",Phone:,,,,,"Connectors 1 12M PSX:DD
4 16M PSX-DD 16M PSX:DD
2 8QRS PSX-DD 8QRS PSX:DD",,,
2026,EHA,EHA Knights Trail Rd LS,Selected,"Nokimis, FL",Phone:,,,,,"Job Name: EHA Knights Trail Rd LS
Job Number:
Location: Nokimis, FL
Contractor:
Phone:",,,
2026,EHA,EHA Knights Trail Rd LS,Selected,"Nokimis, FL",Phone:,,,12 PVC DR-14,5,,16M PSX:DD,,
2026,EHA,EHA Knights Trail Rd LS,Selected,"Nokimis, FL",Phone:,,,2 PVC Sdr 26,1,,8QRS PSX:DD,,
2026,EHA,EHA Knights Trail Rd LS,Selected,"Nokimis, FL",Phone:,,,4 PVC DR-14,2,,8QRS PSX:DD,,
2026,EHA,EHA Knights Trail Rd LS,Selected,"Nokimis, FL",Phone:,,,"4"" PVC Sdr 26",1,,Mortar,,
2026,EHA,EHA Knights Trail Rd LS,Selected,"Nokimis, FL",Phone:,,,"6"" HDPE DR11",2,,LS-475-S316-10,,
2026,EHA,EHA Knights Trail Rd LS,Selected,"Nokimis, FL",Phone:,,,"6"" HDPE DR11",1,,12-06 PSX:DD,,
2026,EHA,EHA Knights Trail Rd LS,Selected,"Nokimis, FL",Phone:,,,8 PVC DR-14,1,,12M PSX:DD,,
2026,EHA,EHA Knights Trail Rd LS,Selected,"Nokimis, FL",Phone:,,,"8"" HDPE DR11",1,,12-08 PSX:DD,,
2026,EHA,EHA Knights Trail Rd LS,Selected,"Nokimis, FL",Phone:,,,,,Quantity Part Number Description Weight (lbs),,,
2026,EHA,EHA Knights Trail Rd LS,Selected,"Nokimis, FL",Phone:,,,,,"Connectors 1 12M PSX:DD
4 16M PSX-DD 16M PSX:DD
2 8QRS PSX-DD 8QRS PSX:DD",,,
2026,EHB,EHB Bamboo Lane to N. Main St.,,"Kissimmee, FL",Phone:,,,,,"Job Name: EHB Bamboo Lane to N. Main St.
Job Number:
Location: Kissimmee, FL
Osceola County
Contractor:
Phone:",,,
2026,EHB,EHB Bamboo Lane to N. Main St.,,"Kissimmee, FL",Phone:,,,"10"" PVC Sdr 26",5,,S106-16BWS Boot,,
2026,EHB,EHB Bamboo Lane to N. Main St.,,"Kissimmee, FL",Phone:,,,"15"" PVC Sdr 26",1,,S106-20BWS Boot,,
2026,EHB,EHB Bamboo Lane to N. Main St.,,"Kissimmee, FL",Phone:,,,"6"" PVC Sdr 26",2,,S406-12CWS Boot,,
2026,EHB,EHB Bamboo Lane to N. Main St.,,"Kissimmee, FL",Phone:,,,"6"" PVC Sdr 26",2,,,,
2026,EHB,EHB Bamboo Lane to N. Main St.,,"Kissimmee, FL",Phone:,,,"8"" PVC Sdr 26",8,,S406-12AWS Boot,,
2026,EHB,EHB Bamboo Lane to N. Main St.,,"Kissimmee, FL",Phone:,,,,,Quantity Part Number Description Weight (lbs),,,
2026,EHB,EHB Bamboo Lane to N. Main St.,,"Kissimmee, FL",Phone:,,,,,"Connectors 1 S106-16BWS BOOT
1 S106-20BWS BOOT
3 S406-12AWS BOOT
2 S406-12CWS BOOT",,,
2026,EHC,EHC Large Diameter SS Rehab Grade 4 & 5 N Zone,1-Selected,"Phoenix, AZ",Phone:,,,,,"Job Name: EHC Large Diameter SS Rehab Grade 4 & 5 N Zone
1
Job Number:
Location: Phoenix, AZ
Contractor:
Phone:",,,
2026,EHC,EHC Large Diameter SS Rehab Grade 4 & 5 N Zone,1-Selected,"Phoenix, AZ",Phone:,,,"12"" Vitrified Clay",2,,In 53 IN Rehab Base,,
2026,EHC,EHC Large Diameter SS Rehab Grade 4 & 5 N Zone,1-Selected,"Phoenix, AZ",Phone:,,,"18"" Vitrified Clay",2,,In 53 IN Rehab Base,,
2026,EHC,EHC Large Diameter SS Rehab Grade 4 & 5 N Zone,1-Selected,"Phoenix, AZ",Phone:,,,"21"" Vitrified Clay",14,,In 53 IN Rehab Base,,
2026,EHC,EHC Large Diameter SS Rehab Grade 4 & 5 N Zone,1-Selected,"Phoenix, AZ",Phone:,,,"6"" Vitrified Clay",2,,In 53 IN Rehab Base,,
2026,EHC,EHC Large Diameter SS Rehab Grade 4 & 5 N Zone,1-Selected,"Phoenix, AZ",Phone:,,,"8"" Vitrified Clay",4,,In 53 IN Rehab Base,,
2026,EHC,EHC Large Diameter SS Rehab Grade 4 & 5 N Zone,1-Selected,"Phoenix, AZ",Phone:,,,,,Quantity Part Number Description Weight (lbs),,,
2026,EHC,EHC Large Diameter SS Rehab Grade 4 & 5 N Zone,1-Selected,"Phoenix, AZ",Phone:,,,,,"Job Name: EHC Large Diameter SS Rehab Grade 4 & 5 N Zone
1
Job Number:
Location: Phoenix, AZ
Contractor:
Phone:",,,
2026,EHC,EHC Large Diameter SS Rehab Grade 4 & 5 N Zone,1-Selected,"Phoenix, AZ",Phone:,,,"21"" Vitrified Clay",13,,In 53 IN Rehab Base,,
2026,EHC,EHC Large Diameter SS Rehab Grade 4 & 5 N Zone,1-Selected,"Phoenix, AZ",Phone:,,,"27"" Vitrified Clay",1,,In 53 IN Rehab Base,,
2026,EHC,EHC Large Diameter SS Rehab Grade 4 & 5 N Zone,1-Selected,"Phoenix, AZ",Phone:,,,"6"" Vitrified Clay",2,,In 53 IN Rehab Base,,
2026,EHC,EHC Large Diameter SS Rehab Grade 4 & 5 N Zone,1-Selected,"Phoenix, AZ",Phone:,,,"8"" Vitrified Clay",2,,In 53 IN Rehab Base,,
2026,EHC,EHC Large Diameter SS Rehab Grade 4 & 5 N Zone,1-Selected,"Phoenix, AZ",Phone:,,,,,Quantity Part Number Description Weight (lbs),,,
2026,EHC,EHC Large Diameter SS Rehab Grade 4 & 5 N Zone,1-Selected,"Phoenix, AZ",Phone:,,,,,"Job Name: EHC Large Diameter SS Rehab Grade 4 & 5 N Zone
1
Job Number:
Location: Phoenix, AZ
Contractor:
Phone:",,,
2026,EHC,EHC Large Diameter SS Rehab Grade 4 & 5 N Zone,1-Selected,"Phoenix, AZ",Phone:,,,"18"" Vitrified Clay",2,,In 53 IN Rehab Base,,
2026,EHC,EHC Large Diameter SS Rehab Grade 4 & 5 N Zone,1-Selected,"Phoenix, AZ",Phone:,,,"21"" Vitrified Clay",2,,In 53 IN Rehab Base,,
2026,EHC,EHC Large Diameter SS Rehab Grade 4 & 5 N Zone,1-Selected,"Phoenix, AZ",Phone:,,,"8"" Vitrified Clay",1,,In 53 IN Rehab Base,,
2026,EHC,EHC Large Diameter SS Rehab Grade 4 & 5 N Zone,1-Selected,"Phoenix, AZ",Phone:,,,,,Quantity Part Number Description Weight (lbs),,,
2026,EHC,EHC Large Diameter SS Rehab Grade 4 & 5 N Zone,1 Rel 4-Selected,"Phoenix, AZ",Phone:,,,,,"Job Name: EHC Large Diameter SS Rehab Grade 4 & 5 N Zone
1 Rel 4
Job Number:
Location: Phoenix, AZ
Contractor:
Phone:",,,
2026,EHC,EHC Large Diameter SS Rehab Grade 4 & 5 N Zone,1 Rel 4-Selected,"Phoenix, AZ",Phone:,,,,,Quantity Part Number Description Weight (lbs),,,
2026,EHC,EHC Large Diameter SS Rehab Grade 4 & 5 N Zone,1 Rel 4,"Phoenix, AZ",Phone:,,,,,"Job Name: EHC Large Diameter SS Rehab Grade 4 & 5 N Zone
1 Rel 4
Job Number:
Location: Phoenix, AZ
Contractor:
Phone:",,,
2026,EHC,EHC Large Diameter SS Rehab Grade 4 & 5 N Zone,1 Rel 4,"Phoenix, AZ",Phone:,,,,,Quantity Part Number Description Weight (lbs),,,
2026,EHD,EHD Boggy Creek,Selected,"Kissimmee, FL",Phone:,,,,,"Job Name: EHD Boggy Creek
Job Number:
Location: Kissimmee, FL
Osceola County
Contractor:
Phone:",,,
2026,EHD,EHD Boggy Creek,Selected,"Kissimmee, FL",Phone:,,,"8"" PVC Sdr 35",4,,S406-12AWS Boot,,
2026,EHD,EHD Boggy Creek,Selected,"Kissimmee, FL",Phone:,,,,,Quantity Part Number Description Weight (lbs),,,
2026,EHD,EHD Boggy Creek,Selected,"Kissimmee, FL",Phone:,,,,,Connectors 4 S406-12AWS BOOT,,,
2026,EHE,EHE Vistancia Parcel D-20,Selected,Contractor:,Phone:,,,,,"Job Name: EHE Vistancia Parcel D-20
Job Number:
Location:
Contractor:
Phone:",,,
2026,EHE,EHE Vistancia Parcel D-20,Selected,Contractor:,Phone:,,,"8"" PVC Sdr 26",7,,Cast-a-Seal 603-08,,
2026,EHE,EHE Vistancia Parcel D-20,Selected,Contractor:,Phone:,,,,,Quantity Part Number Description Weight (lbs),,,
2026,EHE,EHE Vistancia Parcel D-20,Selected,Contractor:,Phone:,,,,,Connectors 7 CAST-A-SEAL 603-08 CAST-A-SEAL 603-08,,,
2026,EHF,EHF Saddlestone at Star Farms Ph 2B LS 300 and,King-Selected,"Palmetto, FL",Phone:,,,,,"Job Name: EHF Saddlestone at Star Farms Ph 2B LS 300 and
King
Job Number:
Location: Palmetto, FL
Manatee County
Contractor:
Phone:",,,
2026,EHF,EHF Saddlestone at Star Farms Ph 2B LS 300 and,King-Selected,"Palmetto, FL",Phone:,,,4 HDPE DR17,2,,Mortar,,
2026,EHF,EHF Saddlestone at Star Farms Ph 2B LS 300 and,King-Selected,"Palmetto, FL",Phone:,,,"4"" PVC Schd 80",1,,Mortar,,
2026,EHF,EHF Saddlestone at Star Farms Ph 2B LS 300 and,King-Selected,"Palmetto, FL",Phone:,,,"8"" PVC Sdr 35",3,,Cast-a-Seal 603-08,,
2026,EHF,EHF Saddlestone at Star Farms Ph 2B LS 300 and,King-Selected,"Palmetto, FL",Phone:,,,,,Quantity Part Number Description Weight (lbs),,,
2026,EHF,EHF Saddlestone at Star Farms Ph 2B LS 300 and,King-Selected,"Palmetto, FL",Phone:,,,,,Connectors 3 CAST-A-SEAL 603-08 CAST-A-SEAL 603-08,,,
2026,EHF,EHF Saddlestone at Star Farms Ph 2B LS 300 and,King-Selected,"Palmetto, FL",Phone:,,,,,"Job Name: EHF Saddlestone at Star Farms Ph 2B LS 300 and
King
Job Number:
Location: Palmetto, FL
Manatee County
Contractor:
Phone:",,,
2026,EHF,EHF Saddlestone at Star Farms Ph 2B LS 300 and,King-Selected,"Palmetto, FL",Phone:,,,4 HDPE DR17,2,,Mortar,,
2026,EHF,EHF Saddlestone at Star Farms Ph 2B LS 300 and,King-Selected,"Palmetto, FL",Phone:,,,"4"" PVC Schd 80",1,,Mortar,,
2026,EHF,EHF Saddlestone at Star Farms Ph 2B LS 300 and,King-Selected,"Palmetto, FL",Phone:,,,"8"" PVC Sdr 35",3,,Cast-a-Seal 603-08,,
2026,EHF,EHF Saddlestone at Star Farms Ph 2B LS 300 and,King-Selected,"Palmetto, FL",Phone:,,,,,Quantity Part Number Description Weight (lbs),,,
2026,EHF,EHF Saddlestone at Star Farms Ph 2B LS 300 and,King-Selected,"Palmetto, FL",Phone:,,,,,Connectors 3 CAST-A-SEAL 603-08 CAST-A-SEAL 603-08,,,
2026,EHG,EHG Saddlestone at Star Farms Ph 2B Manholes,Selected,"Palmetto, FL",Phone:,,,,,"Job Name: EHG Saddlestone at Star Farms Ph 2B Manholes
Job Number:
Location: Palmetto, FL
Manatee County
Contractor:
Phone:",,,
2026,EHG,EHG Saddlestone at Star Farms Ph 2B Manholes,Selected,"Palmetto, FL",Phone:,,,"8"" PVC Sdr 35",18,,Cast-a-Seal 603-08,,
2026,EHG,EHG Saddlestone at Star Farms Ph 2B Manholes,Selected,"Palmetto, FL",Phone:,,,"8"" PVC Sdr 35",4,,"Encase 8"" Elbow",,
2026,EHG,EHG Saddlestone at Star Farms Ph 2B Manholes,Selected,"Palmetto, FL",Phone:,,,,,Quantity Part Number Description Weight (lbs),,,
2026,EHG,EHG Saddlestone at Star Farms Ph 2B Manholes,Selected,"Palmetto, FL",Phone:,,,,,Connectors 22 CAST-A-SEAL 603-08 CAST-A-SEAL 603-08,,,
2026,EHG,EHG Saddlestone at Star Farms Ph 2B Manholes,Selected,"Palmetto, FL",Phone:,,,,,"Job Name: EHG Saddlestone at Star Farms Ph 2B Manholes
Job Number:
Location: Palmetto, FL
Manatee County
Contractor:
Phone:",,,
2026,EHG,EHG Saddlestone at Star Farms Ph 2B Manholes,Selected,"Palmetto, FL",Phone:,,,"8"" PVC Sdr 35",18,,Cast-a-Seal 603-08,,
2026,EHG,EHG Saddlestone at Star Farms Ph 2B Manholes,Selected,"Palmetto, FL",Phone:,,,"8"" PVC Sdr 35",4,,"Encase 8"" Elbow",,
2026,EHG,EHG Saddlestone at Star Farms Ph 2B Manholes,Selected,"Palmetto, FL",Phone:,,,,,Quantity Part Number Description Weight (lbs),,,
2026,EHG,EHG Saddlestone at Star Farms Ph 2B Manholes,Selected,"Palmetto, FL",Phone:,,,,,Connectors 22 CAST-A-SEAL 603-08 CAST-A-SEAL 603-08,,,
2026,EHH,EHH Loa Fish Hatchery,LS,"Fremont, UT",Phone:,,,,,"Job Name: EHH Loa Fish Hatchery
Job Number:
Location: Fremont, UT
Contractor:
Phone:",,,
2026,EHH,EHH Loa Fish Hatchery,LS,"Fremont, UT",Phone:,,,"12"" Ductile Iron",2,,LS-360-S316-21,,
2026,EHH,EHH Loa Fish Hatchery,LS,"Fremont, UT",Phone:,,,"4"" PVC Schd 40",1,,LS-300-S316-10,,
2026,EHH,EHH Loa Fish Hatchery,LS,"Fremont, UT",Phone:,,,"6"" Ductile Iron",1,,Mortar,,
2026,EHH,EHH Loa Fish Hatchery,LS,"Fremont, UT",Phone:,,,"8"" Ductile Iron",2,,LS-400-S316-9,,
2026,EHH,EHH Loa Fish Hatchery,LS,"Fremont, UT",Phone:,,,,,Quantity Part Number Description Weight (lbs),,,
2026,EHH,EHH Loa Fish Hatchery,LS,"Fremont, UT",Phone:,,,,,"Connectors 1 LS-300-S316-10
2 LS-360-S316-21
2 LS-400-S316-9",,,
2026,EHI,EHI Calusa National Ph 1J and 1K,Selected,"Manatee County, FL",Phone:,,,,,"Job Name: EHI Calusa National Ph 1J and 1K
Job Number:
Location: Manatee County, FL
Contractor:
Phone:",,,
2026,EHI,EHI Calusa National Ph 1J and 1K,Selected,"Manatee County, FL",Phone:,,,"1.5"" Hole",1,,Mortar,,
2026,EHI,EHI Calusa National Ph 1J and 1K,Selected,"Manatee County, FL",Phone:,,,"3"" Hole",3,,Mortar,,
2026,EHI,EHI Calusa National Ph 1J and 1K,Selected,"Manatee County, FL",Phone:,,,4 HDPE DR11,2,,Mortar,,
2026,EHI,EHI Calusa National Ph 1J and 1K,Selected,"Manatee County, FL",Phone:,,,"4"" PVC Schd 80",1,,Mortar,,
2026,EHI,EHI Calusa National Ph 1J and 1K,Selected,"Manatee County, FL",Phone:,,,"8"" PVC Sdr 26",12,,Cast-a-Seal 603-08,,
2026,EHI,EHI Calusa National Ph 1J and 1K,Selected,"Manatee County, FL",Phone:,,,,,Quantity Part Number Description Weight (lbs),,,
2026,EHI,EHI Calusa National Ph 1J and 1K,Selected,"Manatee County, FL",Phone:,,,,,Connectors 12 CAST-A-SEAL 603-08 CAST-A-SEAL 603-08,,,
2026,EHI,EHI Calusa National Ph 1J and 1K,Selected,"Manatee County, FL",Phone:,,,,,"Job Name: EHI Calusa National Ph 1J and 1K
Job Number:
Location: Manatee County, FL
Contractor:
Phone:",,,
2026,EHI,EHI Calusa National Ph 1J and 1K,Selected,"Manatee County, FL",Phone:,,,"1.5"" Hole",1,,Mortar,,
2026,EHI,EHI Calusa National Ph 1J and 1K,Selected,"Manatee County, FL",Phone:,,,"3"" Hole",3,,Mortar,,
2026,EHI,EHI Calusa National Ph 1J and 1K,Selected,"Manatee County, FL",Phone:,,,4 HDPE DR11,2,,Mortar,,
2026,EHI,EHI Calusa National Ph 1J and 1K,Selected,"Manatee County, FL",Phone:,,,"4"" PVC Schd 80",1,,Mortar,,
2026,EHI,EHI Calusa National Ph 1J and 1K,Selected,"Manatee County, FL",Phone:,,,"8"" PVC Sdr 26",12,,Cast-a-Seal 603-08,,
2026,EHI,EHI Calusa National Ph 1J and 1K,Selected,"Manatee County, FL",Phone:,,,,,Quantity Part Number Description Weight (lbs),,,
2026,EHI,EHI Calusa National Ph 1J and 1K,Selected,"Manatee County, FL",Phone:,,,,,Connectors 12 CAST-A-SEAL 603-08 CAST-A-SEAL 603-08,,,
2026,EHI,EHI Calusa National Ph 1J and 1K,Selected,"Manatee County, FL",Phone:,,,,,"Job Name: EHI Calusa National Ph 1J and 1K
Job Number:
Location: Manatee County, FL
Contractor:
Phone:",,,
2026,EHI,EHI Calusa National Ph 1J and 1K,Selected,"Manatee County, FL",Phone:,,,4 HDPE DR11,2,,Mortar,,
2026,EHI,EHI Calusa National Ph 1J and 1K,Selected,"Manatee County, FL",Phone:,,,"4"" PVC Schd 80",1,,Mortar,,
2026,EHI,EHI Calusa National Ph 1J and 1K,Selected,"Manatee County, FL",Phone:,,,"8"" PVC Sdr 26",12,,Cast-a-Seal 603-08,,
2026,EHI,EHI Calusa National Ph 1J and 1K,Selected,"Manatee County, FL",Phone:,,,,,Quantity Part Number Description Weight (lbs),,,
2026,EHI,EHI Calusa National Ph 1J and 1K,Selected,"Manatee County, FL",Phone:,,,,,Connectors 12 CAST-A-SEAL 603-08 CAST-A-SEAL 603-08,,,
2026,EHJ,EHJ Plumas Lake Middle School Inc MH 1,Selected,"Plumas Lake, CA",All Bidders,,,,,"Job Name: EHJ Plumas Lake Middle School Inc MH 1
Job Number: CA2505
Location: Plumas Lake, CA
Yuba County
Contractor: All Bidders
Phone:",,,
2026,EHJ,EHJ Plumas Lake Middle School Inc MH 1,Selected,"Plumas Lake, CA",All Bidders,,,"6"" PVC Sdr 35",2,,Cast-a-Seal 402-06,,
2026,EHJ,EHJ Plumas Lake Middle School Inc MH 1,Selected,"Plumas Lake, CA",All Bidders,,,,,Quantity Part Number Description Weight (lbs),,,
2026,EHJ,EHJ Plumas Lake Middle School Inc MH 1,Selected,"Plumas Lake, CA",All Bidders,,,,,Connectors 2 CAST-A-SEAL 402-06 CAST-A-SEAL 402-06,,,
2026,EHJ,EHJ Plumas Lake Middle School Inc MH 1,Selected,"Plumas Lake, CA",All Bidders,,,,,"Job Name: EHJ Plumas Lake Middle School Inc MH 1
Job Number: CA2505
Location: Plumas Lake, CA
Yuba County
Contractor: All Bidders
Phone:",,,
2026,EHJ,EHJ Plumas Lake Middle School Inc MH 1,Selected,"Plumas Lake, CA",All Bidders,,,"6"" PVC Sdr 35",2,,Cast-a-Seal 402-06,,
2026,EHJ,EHJ Plumas Lake Middle School Inc MH 1,Selected,"Plumas Lake, CA",All Bidders,,,,,Quantity Part Number Description Weight (lbs),,,
2026,EHJ,EHJ Plumas Lake Middle School Inc MH 1,Selected,"Plumas Lake, CA",All Bidders,,,,,Connectors 2 CAST-A-SEAL 402-06 CAST-A-SEAL 402-06,,,
2026,EHK,EHK Longwood Rd Sewer Project,Selected,"Ash, FL",Phone:,,,,,"Job Name: EHK Longwood Rd Sewer Project
Job Number:
Location: Ash, FL
Brunswick County
Contractor:
Phone:",,,
2026,EHK,EHK Longwood Rd Sewer Project,Selected,"Ash, FL",Phone:,,,"4"" PVC Sdr 35",1,,8QRS PSX:DD,,
2026,EHK,EHK Longwood Rd Sewer Project,Selected,"Ash, FL",Phone:,,,"6"" Ductile Iron",4,,12-06 PSX:DD,,
2026,EHK,EHK Longwood Rd Sewer Project,Selected,"Ash, FL",Phone:,,,"8"" PVC Sdr 35",4,,12-08 PSX:DD,,
2026,EHK,EHK Longwood Rd Sewer Project,Selected,"Ash, FL",Phone:,,,,,Quantity Part Number Description Weight (lbs),,,
2026,EHK,EHK Longwood Rd Sewer Project,Selected,"Ash, FL",Phone:,,,,,"Connectors 1 12-06 PSX-DD 12-06 PSX:DD
4 12-08 PSX-DD 12-08 PSX:DD",,,
2026,EHK,EHK Longwood Rd Sewer Project,Selected,"Ash, FL",Phone:,,,,,"Job Name: EHK Longwood Rd Sewer Project
Job Number:
Location: Ash, FL
Brunswick County
Contractor:
Phone:",,,
2026,EHK,EHK Longwood Rd Sewer Project,Selected,"Ash, FL",Phone:,,,"4"" PVC Sdr 35",1,,8QRS PSX:DD,,
2026,EHK,EHK Longwood Rd Sewer Project,Selected,"Ash, FL",Phone:,,,"6"" Ductile Iron",4,,12-06 PSX:DD,,
2026,EHK,EHK Longwood Rd Sewer Project,Selected,"Ash, FL",Phone:,,,"8"" PVC Sdr 35",4,,12-08 PSX:DD,,
2026,EHK,EHK Longwood Rd Sewer Project,Selected,"Ash, FL",Phone:,,,,,Quantity Part Number Description Weight (lbs),,,
2026,EHK,EHK Longwood Rd Sewer Project,Selected,"Ash, FL",Phone:,,,,,"Connectors 1 12-06 PSX-DD 12-06 PSX:DD
4 12-08 PSX-DD 12-08 PSX:DD",,,
2026,EHL,EHL WYLDER POD 2 PH 4,Selected,"Port St.Lucie, FL",Phone:,,,,,"Job Name: EHL WYLDER POD 2 PH 4
Job Number:
Location: Port St.Lucie, FL
Contractor:
Phone:",,,
2026,EHL,EHL WYLDER POD 2 PH 4,Selected,"Port St.Lucie, FL",Phone:,,,"8"" PVC Sdr 26",1,,12-08 PSX:DD,,
2026,EHL,EHL WYLDER POD 2 PH 4,Selected,"Port St.Lucie, FL",Phone:,,,"8"" PVC Sdr 26",5,,Cast-a-Seal 603-08,,
2026,EHL,EHL WYLDER POD 2 PH 4,Selected,"Port St.Lucie, FL",Phone:,,,"8"" PVC Sdr 26",1,,"Encase 8"" Elbow",,
2026,EHL,EHL WYLDER POD 2 PH 4,Selected,"Port St.Lucie, FL",Phone:,,,,,Quantity Part Number Description Weight (lbs),,,
2026,EHL,EHL WYLDER POD 2 PH 4,Selected,"Port St.Lucie, FL",Phone:,,,,,"Connectors 2 12-08 PSX-DD 12-08 PSX:DD
5 CAST-A-SEAL 603-08 CAST-A-SEAL 603-08",,,
2026,EHM,EHM Mill Run Fire Station,Selected,"Kissimmee, FL",Phone:,,,,,"Job Name: EHM Mill Run Fire Station
Job Number:
Location: Kissimmee, FL
Contractor:
Phone:",,,
2026,EHM,EHM Mill Run Fire Station,Selected,"Kissimmee, FL",Phone:,,,"6"" PVC Sdr 35",1,,S406-12CWS Boot,,
2026,EHM,EHM Mill Run Fire Station,Selected,"Kissimmee, FL",Phone:,,,"8"" PVC Sdr 35",6,,S406-12AWS Boot,,
2026,EHM,EHM Mill Run Fire Station,Selected,"Kissimmee, FL",Phone:,,,,,Quantity Part Number Description Weight (lbs),,,
2026,EHM,EHM Mill Run Fire Station,Selected,"Kissimmee, FL",Phone:,,,,,"Connectors 6 S406-12AWS BOOT
1 S406-12CWS BOOT",,,
2026,EHN,EHN Chisolm Townhomes,Selected,"Charlotte, NC",Phone:,,,,,"Job Name: EHN Chisolm Townhomes
Job Number:
Location: Charlotte, NC
Contractor:
Phone:",,,
2026,EHN,EHN Chisolm Townhomes,Selected,"Charlotte, NC",Phone:,,,"8"" Ductile Iron",1,,12M PSX:DD,,
2026,EHN,EHN Chisolm Townhomes,Selected,"Charlotte, NC",Phone:,,,"8"" PVC Sdr 26",1,,12-08 PSX:DD,,
2026,EHN,EHN Chisolm Townhomes,Selected,"Charlotte, NC",Phone:,,,"8"" PVC Sdr 26",3,,DogHouse,,
2026,EHN,EHN Chisolm Townhomes,Selected,"Charlotte, NC",Phone:,,,,,Quantity Part Number Description Weight (lbs),,,
2026,EHN,EHN Chisolm Townhomes,Selected,"Charlotte, NC",Phone:,,,,,"Connectors 1 12-08 PSX-DD 12-08 PSX:DD
1 12M PSX:DD",,,
2026,EHO,EHO Cimarron Trails Sewer Main,SSMH-22,"San Tan Valley, AZ",Phone:,,,,,"Job Name: EHO Cimarron Trails Sewer Main
Job Number:
Location: San Tan Valley, AZ
Contractor:
Phone:",,,
2026,EHO,EHO Cimarron Trails Sewer Main,SSMH-22,"San Tan Valley, AZ",Phone:,,,"18"" PVC Sdr 35",2,,Cast-a-Seal 603-18,,
2026,EHO,EHO Cimarron Trails Sewer Main,SSMH-22,"San Tan Valley, AZ",Phone:,,,"8"" PVC Sdr 35",1,,Cast-a-Seal 603-08,,
2026,EHO,EHO Cimarron Trails Sewer Main,SSMH-22,"San Tan Valley, AZ",Phone:,,,,,Quantity Part Number Description Weight (lbs),,,
2026,EHO,EHO Cimarron Trails Sewer Main,SSMH-22,"San Tan Valley, AZ",Phone:,,,,,"Connectors 1 CAST-A-SEAL 603-08 CAST-A-SEAL 603-08
2 CAST-A-SEAL 603-18 CAST-A-SEAL 603-18",,,
2026,EHP,EHP 27 In SS Interceptor Project (CIP),Selected,"Denver, CO",Phone:,,,,,"Job Name: EHP 27 In SS Interceptor Project (CIP)
Job Number:
Location: Denver, CO
Contractor:
Phone:",,,
2026,EHP,EHP 27 In SS Interceptor Project (CIP),Selected,"Denver, CO",Phone:,,,,,"Job Notes: ""Pipe inner diameter doesn’t include wall thickness. Pipe wall accounts for how thick the wall of one side of pipe is""",,,
2026,EHP,EHP 27 In SS Interceptor Project (CIP),Selected,"Denver, CO",Phone:,,,26.351 PVC Sdr 35,2,,In 60 IN CIP Base,,
2026,EHP,EHP 27 In SS Interceptor Project (CIP),Selected,"Denver, CO",Phone:,,,"27"" PVC Sdr 35",4,,In 48 IN CIP Base,,
2026,EHP,EHP 27 In SS Interceptor Project (CIP),Selected,"Denver, CO",Phone:,,,"27"" PVC Sdr 35",7,,In 60 IN CIP Base,,
2026,EHP,EHP 27 In SS Interceptor Project (CIP),Selected,"Denver, CO",Phone:,,,,,Quantity Part Number Description Weight (lbs),,,
2026,EHP,EHP 27 In SS Interceptor Project (CIP),Selected,"Denver, CO",Phone:,,,,,"Job Name: EHP 27 In SS Interceptor Project (CIP)
Job Number:
Location: Denver, CO
Contractor:
Phone:",,,
2026,EHP,EHP 27 In SS Interceptor Project (CIP),Selected,"Denver, CO",Phone:,,,,,"Job Notes: ""Pipe inner diameter doesn’t include wall thickness. Pipe wall accounts for how thick the wall of one side of pipe is""",,,
2026,EHP,EHP 27 In SS Interceptor Project (CIP),Selected,"Denver, CO",Phone:,,,26.351 PVC Sdr 35,2,,In 60 IN CIP Base,,
2026,EHP,EHP 27 In SS Interceptor Project (CIP),Selected,"Denver, CO",Phone:,,,"27"" PVC Sdr 35",4,,In 48 IN CIP Base,,
2026,EHP,EHP 27 In SS Interceptor Project (CIP),Selected,"Denver, CO",Phone:,,,"27"" PVC Sdr 35",7,,In 60 IN CIP Base,,
2026,EHP,EHP 27 In SS Interceptor Project (CIP),Selected,"Denver, CO",Phone:,,,,,Quantity Part Number Description Weight (lbs),,,
2026,EHQ,EHQ Yuma Emergency MH,Selected,"Yuma, AZ",Phone:,,,,,"Job Name: EHQ Yuma Emergency MH
Job Number:
Location: Yuma, AZ
Contractor:
Phone:",,,
2026,EHQ,EHQ Yuma Emergency MH,Selected,"Yuma, AZ",Phone:,,,,,Quantity Part Number Description Weight (lbs),,,
2026,EHR,EHR COH Emergency Manhole,Selected,"Houston, Texas",Phone:,,,,,"Job Name: EHR COH Emergency Manhole
Job Number:
Location: Houston, Texas
Contractor:
Phone:",,,
2026,EHR,EHR COH Emergency Manhole,Selected,"Houston, Texas",Phone:,,,,,Quantity Part Number Description Weight (lbs),,,
2026,EHS,EHS GAINSVILLE EXTRAS,MH-1,"Gainesville, FL",Phone:,,,,,"Job Name: EHS GAINSVILLE EXTRAS
Job Number:
Location: Gainesville, FL
Contractor:
Phone:",,,
2026,EHS,EHS GAINSVILLE EXTRAS,MH-1,"Gainesville, FL",Phone:,,,"8"" PVC Sdr 26",2,,S406-12AWS Boot,,
2026,EHS,EHS GAINSVILLE EXTRAS,MH-1,"Gainesville, FL",Phone:,,,,,Quantity Part Number Description Weight (lbs),,,
2026,EHS,EHS GAINSVILLE EXTRAS,MH-1,"Gainesville, FL",Phone:,,,,,Connectors 2 S406-12AWS BOOT,,,
2026,EHT,EHT 6753 COLGATE RD,MH,"Jacksonville, FL",Phone:,,,,,"Job Name: EHT 6753 COLGATE RD
Job Number:
Location: Jacksonville, FL
Contractor:
Phone:",,,
2026,EHT,EHT 6753 COLGATE RD,MH,"Jacksonville, FL",Phone:,,,"8"" PVC Sdr 26",3,,12-08 PSX:DD,,
2026,EHT,EHT 6753 COLGATE RD,MH,"Jacksonville, FL",Phone:,,,"8"" PVC Sdr 26",1,,,,
2026,EHT,EHT 6753 COLGATE RD,MH,"Jacksonville, FL",Phone:,,,,,Quantity Part Number Description Weight (lbs),,,
2026,EHT,EHT 6753 COLGATE RD,MH,"Jacksonville, FL",Phone:,,,,,Connectors 3 12-08 PSX-DD 12-08 PSX:DD,,,
2026,EHU,EHU Yaya Foods Improvements Pkg Ph 2,Selected,"Ogden, UT",All Bidders,,,,,"Job Name: EHU Yaya Foods Improvements Pkg Ph 2
Job Number: UT2506
Location: Ogden, UT
Weber County
Contractor: All Bidders
Phone:",,,
2026,EHU,EHU Yaya Foods Improvements Pkg Ph 2,Selected,"Ogden, UT",All Bidders,,,"18"" PVC Sdr 35",1,,22M PSX-2:DD,,
2026,EHU,EHU Yaya Foods Improvements Pkg Ph 2,Selected,"Ogden, UT",All Bidders,,,"18"" RCP B",2,,26A PSX-2:DD,,
2026,EHU,EHU Yaya Foods Improvements Pkg Ph 2,Selected,"Ogden, UT",All Bidders,,,,,Quantity Part Number Description Weight (lbs),,,
2026,EHU,EHU Yaya Foods Improvements Pkg Ph 2,Selected,"Ogden, UT",All Bidders,,,,,"Connectors 1 22M PSX-2-DD 22M PSX-2:DD
2 26A PSX-2:DD",,,
2026,EHV,EHV Racetrac Tallevast,Selected,"Sarasota, FL",Phone:,,,,,"Job Name: EHV Racetrac Tallevast
Job Number:
Location: Sarasota, FL
Manatee County
Contractor:
Phone:",,,
2026,EHV,EHV Racetrac Tallevast,Selected,"Sarasota, FL",Phone:,,,"8"" PVC Sdr 35",1,,Cast-a-Seal 603-08,,
2026,EHV,EHV Racetrac Tallevast,Selected,"Sarasota, FL",Phone:,,,,,Quantity Part Number Description Weight (lbs),,,
2026,EHV,EHV Racetrac Tallevast,Selected,"Sarasota, FL",Phone:,,,,,Connectors 1 CAST-A-SEAL 603-08 CAST-A-SEAL 603-08,,,
2026,EHX,EHX Oakfield Lakes Ph 5-9,Add'l Pro-Rings,"Manatee County, FL",Phone:,,,,,"Job Name: EHX Oakfield Lakes Ph 5-9
Job Number:
Location: Manatee County, FL
Contractor:
Phone:",,,
2026,EHX,EHX Oakfield Lakes Ph 5-9,Add'l Pro-Rings,"Manatee County, FL",Phone:,,,,,Quantity Part Number Description Weight (lbs),,,
2026,EHX,EHX Oakfield Lakes Ph 5-9,Selected,"Manatee County, FL",Phone:,,,,,"Job Name: EHX Oakfield Lakes Ph 5-9
Job Number:
Location: Manatee County, FL
Contractor:
Phone:",,,
2026,EHX,EHX Oakfield Lakes Ph 5-9,Selected,"Manatee County, FL",Phone:,,,"8"" PVC Sdr 26",52,,Cast-a-Seal 603-08,,
2026,EHX,EHX Oakfield Lakes Ph 5-9,Selected,"Manatee County, FL",Phone:,,,"8"" PVC Sdr 26",5,,"Encase 8"" Elbow",,
2026,EHX,EHX Oakfield Lakes Ph 5-9,Selected,"Manatee County, FL",Phone:,,,,,Quantity Part Number Description Weight (lbs),,,
2026,EHX,EHX Oakfield Lakes Ph 5-9,Selected,"Manatee County, FL",Phone:,,,,,Connectors 57 CAST-A-SEAL 603-08 CAST-A-SEAL 603-08,,,
2026,EHX,EHX Oakfield Lakes Ph 5-9,Selected,"Manatee County, FL",Phone:,,,,,"Job Name: EHX Oakfield Lakes Ph 5-9
Job Number:
Location: Manatee County, FL
Contractor:
Phone:",,,
2026,EHX,EHX Oakfield Lakes Ph 5-9,Selected,"Manatee County, FL",Phone:,,,"8"" PVC Sdr 26",52,,Cast-a-Seal 603-08,,
2026,EHX,EHX Oakfield Lakes Ph 5-9,Selected,"Manatee County, FL",Phone:,,,"8"" PVC Sdr 26",5,,"Encase 8"" Elbow",,
2026,EHX,EHX Oakfield Lakes Ph 5-9,Selected,"Manatee County, FL",Phone:,,,,,Quantity Part Number Description Weight (lbs),,,
2026,EHX,EHX Oakfield Lakes Ph 5-9,Selected,"Manatee County, FL",Phone:,,,,,Connectors 57 CAST-A-SEAL 603-08 CAST-A-SEAL 603-08,,,
2026,EHX,EHX Oakfield Lakes Ph 5-9,Selected,"Manatee County, FL",Phone:,,,,,"Job Name: EHX Oakfield Lakes Ph 5-9
Job Number:
Location: Manatee County, FL
Contractor:
Phone:",,,
2026,EHX,EHX Oakfield Lakes Ph 5-9,Selected,"Manatee County, FL",Phone:,,,"8"" PVC Sdr 26",52,,Cast-a-Seal 603-08,,
2026,EHX,EHX Oakfield Lakes Ph 5-9,Selected,"Manatee County, FL",Phone:,,,"8"" PVC Sdr 26",5,,"Encase 8"" Elbow",,
2026,EHX,EHX Oakfield Lakes Ph 5-9,Selected,"Manatee County, FL",Phone:,,,,,Quantity Part Number Description Weight (lbs),,,
2026,EHX,EHX Oakfield Lakes Ph 5-9,Selected,"Manatee County, FL",Phone:,,,,,Connectors 57 CAST-A-SEAL 603-08 CAST-A-SEAL 603-08,,,
2026,EHY,EHY Nora Tyson Retail Center,Selected,"St.Cloud, FL",Phone:,,,,,"Job Name: EHY Nora Tyson Retail Center
Job Number:
Location: St.Cloud, FL
Osecola County
Contractor:
Phone:",,,
2026,EHY,EHY Nora Tyson Retail Center,Selected,"St.Cloud, FL",Phone:,,,"8"" PVC Sdr 35",5,,S406-12AWS Boot,,
2026,EHY,EHY Nora Tyson Retail Center,Selected,"St.Cloud, FL",Phone:,,,"8"" PVC Sdr 35",2,,,,
2026,EHY,EHY Nora Tyson Retail Center,Selected,"St.Cloud, FL",Phone:,,,,,Quantity Part Number Description Weight (lbs),,,
2026,EHY,EHY Nora Tyson Retail Center,Selected,"St.Cloud, FL",Phone:,,,,,Connectors 5 S406-12AWS BOOT,,,
2026,EHZ,EHZ BRIAN LAKES AND MONACO DRIVE,Selected,"Jacksonville, FL",Phone:,,,,,"Job Name: EHZ BRIAN LAKES AND MONACO DRIVE
Job Number:
Location: Jacksonville, FL
Contractor:
Phone:",,,
2026,EHZ,EHZ BRIAN LAKES AND MONACO DRIVE,Selected,"Jacksonville, FL",Phone:,,,"10"" PVC Sdr 35",3,,14M PSX:DD,,
2026,EHZ,EHZ BRIAN LAKES AND MONACO DRIVE,Selected,"Jacksonville, FL",Phone:,,,"8"" PVC Sdr 35",3,,12-08 PSX:DD,,
2026,EHZ,EHZ BRIAN LAKES AND MONACO DRIVE,Selected,"Jacksonville, FL",Phone:,,,"8"" PVC Sdr 35",1,,,,
2026,EHZ,EHZ BRIAN LAKES AND MONACO DRIVE,Selected,"Jacksonville, FL",Phone:,,,,,Quantity Part Number Description Weight (lbs),,,
2026,EHZ,EHZ BRIAN LAKES AND MONACO DRIVE,Selected,"Jacksonville, FL",Phone:,,,,,"Connectors 3 12-08 PSX-DD 12-08 PSX:DD
3 14M PSX:DD",,,
2026,EIA,EIA Indian River Additional MHs,Selected,"Brevard County, Florida",Phone:,,,,,"Job Name: EIA Indian River Additional MHs
Job Number:
Location: Brevard County, Florida
Contractor:
Phone:",,,
2026,EIA,EIA Indian River Additional MHs,Selected,"Brevard County, Florida",Phone:,,,"8"" PVC Sdr 35",8,,12-08 PSX:DD,,
2026,EIA,EIA Indian River Additional MHs,Selected,"Brevard County, Florida",Phone:,,,"8"" PVC Sdr 35",2,,DogHouse,,
2026,EIA,EIA Indian River Additional MHs,Selected,"Brevard County, Florida",Phone:,,,,,Quantity Part Number Description Weight (lbs),,,
2026,EIA,EIA Indian River Additional MHs,Selected,"Brevard County, Florida",Phone:,,,,,Connectors 8 12-08 PSX-DD 12-08 PSX:DD,,,
2026,EIA,EIA Indian River Preserve Ph 3,Selected,"Mims, FL",Phone:,,,,,"Job Name: EIA Indian River Preserve Ph 3
Job Number:
Location: Mims, FL
Brevard County
Contractor:
Phone:",,,
2026,EIA,EIA Indian River Preserve Ph 3,Selected,"Mims, FL",Phone:,,,,,"Job Notes:
HEAT SHRINK WRAP PROVIDED BY ARMOROCK",,,
2026,EIA,EIA Indian River Preserve Ph 3,Selected,"Mims, FL",Phone:,,,4 HDPE DR11,2,,LS-300-S316-10,,
2026,EIA,EIA Indian River Preserve Ph 3,Selected,"Mims, FL",Phone:,,,8 PVC C900 DR-18,2,,12M PSX:DD,,
2026,EIA,EIA Indian River Preserve Ph 3,Selected,"Mims, FL",Phone:,,,"8"" PVC Sdr 35",12,,12-08 PSX:DD,,
2026,EIA,EIA Indian River Preserve Ph 3,Selected,"Mims, FL",Phone:,,,"8"" PVC Sdr 35",6,,DogHouse,,
2026,EIA,EIA Indian River Preserve Ph 3,Selected,"Mims, FL",Phone:,,,"8"" PVC Sdr 35",1,,,,
2026,EIA,EIA Indian River Preserve Ph 3,Selected,"Mims, FL",Phone:,,,,,Quantity Part Number Description Weight (lbs),,,
2026,EIA,EIA Indian River Preserve Ph 3,Selected,"Mims, FL",Phone:,,,,,"Connectors 12 12-08 PSX-DD 12-08 PSX:DD
2 12M PSX:DD
2 LS-300-S316-10",,,
2026,EIA,EIA Indian River Preserve Ph 3,,"Mims, FL",Phone:,,,,,"Job Name: EIA Indian River Preserve Ph 3
Job Number:
Location: Mims, FL
Brevard County
Contractor:
Phone:",,,
2026,EIA,EIA Indian River Preserve Ph 3,,"Mims, FL",Phone:,,,,,"Job Notes:
HEAT SHRINK WRAP PROVIDED BY ARMOROCK",,,
2026,EIA,EIA Indian River Preserve Ph 3,,"Mims, FL",Phone:,,,4 HDPE DR11,2,,LS-300-S316-10,,
2026,EIA,EIA Indian River Preserve Ph 3,,"Mims, FL",Phone:,,,8 PVC C900 DR-18,2,,12M PSX:DD,,
2026,EIA,EIA Indian River Preserve Ph 3,,"Mims, FL",Phone:,,,"8"" PVC Sdr 35",12,,12-08 PSX:DD,,
2026,EIA,EIA Indian River Preserve Ph 3,,"Mims, FL",Phone:,,,"8"" PVC Sdr 35",3,,DogHouse,,
2026,EIA,EIA Indian River Preserve Ph 3,,"Mims, FL",Phone:,,,"8"" PVC Sdr 35",1,,,,
2026,EIA,EIA Indian River Preserve Ph 3,,"Mims, FL",Phone:,,,,,Quantity Part Number Description Weight (lbs),,,
2026,EIA,EIA Indian River Preserve Ph 3,,"Mims, FL",Phone:,,,,,"Connectors 12 12-08 PSX-DD 12-08 PSX:DD
2 12M PSX:DD
2 LS-300-S316-10",,,
2026,EIA,EIA Indian River Preserve Ph 3,Selected,"Mims, FL",Phone:,,,,,"Job Name: EIA Indian River Preserve Ph 3
Job Number:
Location: Mims, FL
Brevard County
Contractor:
Phone:",,,
2026,EIA,EIA Indian River Preserve Ph 3,Selected,"Mims, FL",Phone:,,,,,"Job Notes:
HEAT SHRINK WRAP PROVIDED BY ARMOROCK",,,
2026,EIA,EIA Indian River Preserve Ph 3,Selected,"Mims, FL",Phone:,,,4 HDPE DR11,2,,LS-300-S316-10,,
2026,EIA,EIA Indian River Preserve Ph 3,Selected,"Mims, FL",Phone:,,,8 PVC C900 DR-18,2,,12M PSX:DD,,
2026,EIA,EIA Indian River Preserve Ph 3,Selected,"Mims, FL",Phone:,,,"8"" PVC Sdr 35",12,,12-08 PSX:DD,,
2026,EIA,EIA Indian River Preserve Ph 3,Selected,"Mims, FL",Phone:,,,"8"" PVC Sdr 35",3,,DogHouse,,
2026,EIA,EIA Indian River Preserve Ph 3,Selected,"Mims, FL",Phone:,,,"8"" PVC Sdr 35",1,,,,
2026,EIA,EIA Indian River Preserve Ph 3,Selected,"Mims, FL",Phone:,,,,,Quantity Part Number Description Weight (lbs),,,
2026,EIA,EIA Indian River Preserve Ph 3,Selected,"Mims, FL",Phone:,,,,,"Connectors 12 12-08 PSX-DD 12-08 PSX:DD
2 12M PSX:DD
2 LS-300-S316-10",,,
2026,EIA,EIA Indian River Additional MHs,Selected,"Brevard County, Florida",Phone:,,,,,"Job Name: EIA Indian River Additional MHs
Job Number:
Location: Brevard County, Florida
Contractor:
Phone:",,,
2026,EIA,EIA Indian River Additional MHs,Selected,"Brevard County, Florida",Phone:,,,"8"" PVC Sdr 35",8,,12-08 PSX:DD,,
2026,EIA,EIA Indian River Additional MHs,Selected,"Brevard County, Florida",Phone:,,,"8"" PVC Sdr 35",2,,DogHouse,,
2026,EIA,EIA Indian River Additional MHs,Selected,"Brevard County, Florida",Phone:,,,,,Quantity Part Number Description Weight (lbs),,,
2026,EIA,EIA Indian River Additional MHs,Selected,"Brevard County, Florida",Phone:,,,,,Connectors 8 12-08 PSX-DD 12-08 PSX:DD,,,
2026,EIA,EIA Indian River Additional MHs,Selected,"Brevard County, Florida",Phone:,,,,,"Job Name: EIA Indian River Additional MHs
Job Number:
Location: Brevard County, Florida
Contractor:
Phone:",,,
2026,EIA,EIA Indian River Additional MHs,Selected,"Brevard County, Florida",Phone:,,,"8"" PVC Sdr 35",8,,12-08 PSX:DD,,
2026,EIA,EIA Indian River Additional MHs,Selected,"Brevard County, Florida",Phone:,,,"8"" PVC Sdr 35",2,,DogHouse,,
2026,EIA,EIA Indian River Additional MHs,Selected,"Brevard County, Florida",Phone:,,,,,Quantity Part Number Description Weight (lbs),,,
2026,EIA,EIA Indian River Additional MHs,Selected,"Brevard County, Florida",Phone:,,,,,Connectors 8 12-08 PSX-DD 12-08 PSX:DD,,,
2026,EIB,EIB EPCOR Wishing Well Emergency Repair Phase 2,Selected,"Fort Mohave, AZ",Phone:,,,,,"Job Name:
EIB EPCOR Wishing Well Emergency Repair Phase 2
Job Number:
Location: Fort Mohave, AZ
Mohave County
Contractor:
Phone:",,,
2026,EIB,EIB EPCOR Wishing Well Emergency Repair Phase 2,Selected,"Fort Mohave, AZ",Phone:,,,"12"" Ductile Iron",1,,16M PSX:DD,,
2026,EIB,EIB EPCOR Wishing Well Emergency Repair Phase 2,Selected,"Fort Mohave, AZ",Phone:,,,"18"" Ductile Iron",1,,24L PSX-2:DD,,
2026,EIB,EIB EPCOR Wishing Well Emergency Repair Phase 2,Selected,"Fort Mohave, AZ",Phone:,,,"18"" PVC Sdr 35",5,,Cast-a-Seal 603-18,,
2026,EIB,EIB EPCOR Wishing Well Emergency Repair Phase 2,Selected,"Fort Mohave, AZ",Phone:,,,"8"" PVC Sdr 35",1,,12-08 PSX:DD,,
2026,EIB,EIB EPCOR Wishing Well Emergency Repair Phase 2,Selected,"Fort Mohave, AZ",Phone:,,,"8"" PVC Sdr 35",1,,Cast-a-Seal 603-08,,
2026,EIB,EIB EPCOR Wishing Well Emergency Repair Phase 2,Selected,"Fort Mohave, AZ",Phone:,,,,,Quantity Part Number Description Weight (lbs),,,
2026,EIB,EIB EPCOR Wishing Well Emergency Repair Phase 2,Selected,"Fort Mohave, AZ",Phone:,,,,,"Connectors 1 12-08 PSX-DD 12-08 PSX:DD
1 16M PSX-DD 16M PSX:DD
1 24L PSX-2-DD 24L PSX-2:DD
1 CAST-A-SEAL 603-08 CAST-A-SEAL 603-08
5 CAST-A-SEAL 603-18 CAST-A-SEAL 603-18",,,
2026,EIB,EIB EPCOR Wishing Well Emergency Repair Phase 2,,"Fort Mohave, AZ",Phone:,,,,,"Job Name:
EIB EPCOR Wishing Well Emergency Repair Phase 2
Job Number:
Location: Fort Mohave, AZ
Mohave County
Contractor:
Phone:",,,
2026,EIB,EIB EPCOR Wishing Well Emergency Repair Phase 2,,"Fort Mohave, AZ",Phone:,,,"12"" Ductile Iron",1,,16M PSX:DD,,
2026,EIB,EIB EPCOR Wishing Well Emergency Repair Phase 2,,"Fort Mohave, AZ",Phone:,,,"18"" Ductile Iron",1,,Cast-a-Seal 802,,
2026,EIB,EIB EPCOR Wishing Well Emergency Repair Phase 2,,"Fort Mohave, AZ",Phone:,,,"18"" PVC Sdr 35",5,,Cast-a-Seal 603-18,,
2026,EIB,EIB EPCOR Wishing Well Emergency Repair Phase 2,,"Fort Mohave, AZ",Phone:,,,"8"" PVC Sdr 35",1,,12-08 PSX:DD,,
2026,EIB,EIB EPCOR Wishing Well Emergency Repair Phase 2,,"Fort Mohave, AZ",Phone:,,,"8"" PVC Sdr 35",1,,Cast-a-Seal 603-08,,
2026,EIB,EIB EPCOR Wishing Well Emergency Repair Phase 2,,"Fort Mohave, AZ",Phone:,,,,,Quantity Part Number Description Weight (lbs),,,
2026,EIB,EIB EPCOR Wishing Well Emergency Repair Phase 2,,"Fort Mohave, AZ",Phone:,,,,,"Connectors 1 12-08 PSX-DD 12-08 PSX:DD
1 16M PSX-DD 16M PSX:DD
1 CAST-A-SEAL 603-08 CAST-A-SEAL 603-08
5 CAST-A-SEAL 603-18 CAST-A-SEAL 603-18
1 CAST-A-SEAL 802",,,
2026,EIC,EIC Raising Canes Restaurant 1342,SS-02 - Base Remake,"Kissimmee, FL",Phone:,,,,,"Job Name: EIC Raising Canes Restaurant 1342
Job Number:
Location: Kissimmee, FL
Osceola County
Contractor:
Phone:",,,
2026,EIC,EIC Raising Canes Restaurant 1342,SS-02 - Base Remake,"Kissimmee, FL",Phone:,,,"8"" PVC Sdr 35",2,,S406-12AWS Boot,,
2026,EIC,EIC Raising Canes Restaurant 1342,SS-02 - Base Remake,"Kissimmee, FL",Phone:,,,,,Quantity Part Number Description Weight (lbs),,,
2026,EIC,EIC Raising Canes Restaurant 1342,SS-02 - Base Remake,"Kissimmee, FL",Phone:,,,,,Connectors 2 S406-12AWS BOOT,,,
2026,EIC,EIC Raising Canes Restaurant 1342,Selected,"Kissimmee, FL",Phone:,,,,,"Job Name: EIC Raising Canes Restaurant 1342
Job Number:
Location: Kissimmee, FL
Osceola County
Contractor:
Phone:",,,
2026,EIC,EIC Raising Canes Restaurant 1342,Selected,"Kissimmee, FL",Phone:,,,,,"Job Notes:
Please verify elevations, angles, pipe size and pipe type.",,,
2026,EIC,EIC Raising Canes Restaurant 1342,Selected,"Kissimmee, FL",Phone:,,,"6"" PVC Sdr 35",3,,S406-12CWS Boot,,
2026,EIC,EIC Raising Canes Restaurant 1342,Selected,"Kissimmee, FL",Phone:,,,"6"" PVC Sdr 35",2,,,,
2026,EIC,EIC Raising Canes Restaurant 1342,Selected,"Kissimmee, FL",Phone:,,,"8"" PVC Sdr 35",3,,S406-12AWS Boot,,
2026,EIC,EIC Raising Canes Restaurant 1342,Selected,"Kissimmee, FL",Phone:,,,,,Quantity Part Number Description Weight (lbs),,,
2026,EIC,EIC Raising Canes Restaurant 1342,Selected,"Kissimmee, FL",Phone:,,,,,"Connectors 3 S406-12AWS BOOT
3 S406-12CWS BOOT",,,
2026,EID,EID LS-71M Master Repump,Selected,"Orange City, FL",Phone:,,,,,"Job Name: EID LS-71M Master Repump
Job Number:
Location: Orange City, FL
Volusia County
Contractor:
Phone:",,,
2026,EID,EID LS-71M Master Repump,Selected,"Orange City, FL",Phone:,,,"10"" HDPE DR11",3,,LS-475-S316-14,,
2026,EID,EID LS-71M Master Repump,Selected,"Orange City, FL",Phone:,,,"108""x48"" Box",1,,Mortar Cast-In,,
2026,EID,EID LS-71M Master Repump,Selected,"Orange City, FL",Phone:,,,12 HDPE DR11,1,,LS-475-S316-17,,
2026,EID,EID LS-71M Master Repump,Selected,"Orange City, FL",Phone:,,,"12"" PVC Sdr 18",1,,16M PSX:DD,,
2026,EID,EID LS-71M Master Repump,Selected,"Orange City, FL",Phone:,,,"2"" PVC Sdr 21",1,,Mortar,,
2026,EID,EID LS-71M Master Repump,Selected,"Orange City, FL",Phone:,,,"24"" PVC Sdr 26",1,,28A PSX-2,,
2026,EID,EID LS-71M Master Repump,Selected,"Orange City, FL",Phone:,,,"24"" PVC Sdr 26",2,,LS-475-S316-31,,
2026,EID,EID LS-71M Master Repump,Selected,"Orange City, FL",Phone:,,,"3"" PVC Schd 80",1,,8QRS PSX:DD,,
2026,EID,EID LS-71M Master Repump,Selected,"Orange City, FL",Phone:,,,"8"" PVC Schd 40",1,,Mortar,,
2026,EID,EID LS-71M Master Repump,Selected,"Orange City, FL",Phone:,,,"8"" PVC Sdr 35",1,,Mortar,,
2026,EID,EID LS-71M Master Repump,Selected,"Orange City, FL",Phone:,,,,,Quantity Part Number Description Weight (lbs),,,
2026,EID,EID LS-71M Master Repump,Selected,"Orange City, FL",Phone:,,,,,"Connectors 1 16M PSX-DD 16M PSX:DD
1 28A PSX-2-DD 28A PSX-2
1 8QRS PSX-DD 8QRS PSX:DD
3 LS-475-S316-14
1 LS-475-S316-17
2 LS-475-S316-31",,,
2026,EIE,EIE Coves at Lake Wylie,Selected,"Charlotte, NC",Phone:,,,,,"Job Name: EIE Coves at Lake Wylie
Job Number:
Location: Charlotte, NC
Contractor:
Phone:",,,
2026,EIE,EIE Coves at Lake Wylie,Selected,"Charlotte, NC",Phone:,,,"2"" PVC Sdr 21",2,,8QRS PSX:DD,,
2026,EIE,EIE Coves at Lake Wylie,Selected,"Charlotte, NC",Phone:,,,"4"" PVC Schd 40",2,,8QRS PSX:DD,,
2026,EIE,EIE Coves at Lake Wylie,Selected,"Charlotte, NC",Phone:,,,"6"" HDPE DR11",1,,12-06 PSX:DD,,
2026,EIE,EIE Coves at Lake Wylie,Selected,"Charlotte, NC",Phone:,,,"8"" Ductile Iron",5,,12M PSX:DD,,
2026,EIE,EIE Coves at Lake Wylie,Selected,"Charlotte, NC",Phone:,,,"8"" PVC Sdr 35",3,,12-08 PSX:DD,,
2026,EIE,EIE Coves at Lake Wylie,Selected,"Charlotte, NC",Phone:,,,,,Quantity Part Number Description Weight (lbs),,,
2026,EIE,EIE Coves at Lake Wylie,Selected,"Charlotte, NC",Phone:,,,,,"Connectors 1 12-06 PSX-DD 12-06 PSX:DD
3 12-08 PSX-DD 12-08 PSX:DD
5 12M PSX:DD
4 8QRS PSX-DD 8QRS PSX:DD",,,
2026,EIF,EIF Grandview Odor Control Station,Foul Air MH,"Twin Falls, ID",All Bidders,,,,,"Job Name: EIF Grandview Odor Control Station
Job Number: ID2505
Location: Twin Falls, ID
Twin Falls County
Contractor: All Bidders
Phone:",,,
2026,EIF,EIF Grandview Odor Control Station,Foul Air MH,"Twin Falls, ID",All Bidders,,,"12"" PVC Sdr 35",1,,16M PSX:DD,,
2026,EIF,EIF Grandview Odor Control Station,Foul Air MH,"Twin Falls, ID",All Bidders,,,"36"" PVC Sdr 35",2,,DogHouse,,
2026,EIF,EIF Grandview Odor Control Station,Foul Air MH,"Twin Falls, ID",All Bidders,,,"4"" PVC Sdr 35",1,,8QRS PSX:DD,,
2026,EIF,EIF Grandview Odor Control Station,Foul Air MH,"Twin Falls, ID",All Bidders,,,,,Quantity Part Number Description Weight (lbs),,,
2026,EIF,EIF Grandview Odor Control Station,Foul Air MH,"Twin Falls, ID",All Bidders,,,,,"Connectors 1 16M PSX-DD 16M PSX:DD
1 8QRS PSX-DD 8QRS PSX:DD",,,
2026,EIG,EIG East LS System Expansion Ph 2,Selected,"Midlothian, TX",Phone:,,,,,"Job Name: EIG East LS System Expansion Ph 2
Job Number:
Location: Midlothian, TX
Contractor:
Phone:",,,
2026,EIG,EIG East LS System Expansion Ph 2,Selected,"Midlothian, TX",Phone:,,,"18"" PVC Sdr 26",1,,22M PSX-2:DD,,
2026,EIG,EIG East LS System Expansion Ph 2,Selected,"Midlothian, TX",Phone:,,,"18"" PVC Sdr 26",2,,DogHouse,,
2026,EIG,EIG East LS System Expansion Ph 2,Selected,"Midlothian, TX",Phone:,,,"24"" C900 DR-21",1,,30L PSX-2:DD,,
2026,EIG,EIG East LS System Expansion Ph 2,Selected,"Midlothian, TX",Phone:,,,"30"" PVC Sdr 26",5,,36A PSX-2:DD,,
2026,EIG,EIG East LS System Expansion Ph 2,Selected,"Midlothian, TX",Phone:,,,"30"" PVC Sdr 26",1,,,,
2026,EIG,EIG East LS System Expansion Ph 2,Selected,"Midlothian, TX",Phone:,,,"4"" Ductile Iron",1,,LS-410-S316-7,,
2026,EIG,EIG East LS System Expansion Ph 2,Selected,"Midlothian, TX",Phone:,,,"8"" PVC Sdr 26",1,,12-08 PSX:DD,,
2026,EIG,EIG East LS System Expansion Ph 2,Selected,"Midlothian, TX",Phone:,,,"8"" PVC Sdr 26",1,,,,
2026,EIG,EIG East LS System Expansion Ph 2,Selected,"Midlothian, TX",Phone:,,,,,Quantity Part Number Description Weight (lbs),,,
2026,EIG,EIG East LS System Expansion Ph 2,Selected,"Midlothian, TX",Phone:,,,,,"Connectors 1 12-08 PSX-DD 12-08 PSX:DD
1 22M PSX-2-DD 22M PSX-2:DD
1 30L PSX-2:DD
5 36A PSX-2-DD 36A PSX-2:DD
1 LS-410-S316-7",,,
2026,EIH,EIH 13030 N 85th St,Selected,"Maricopa County, Arizona",Phone:,,,,,"Job Name: EIH 13030 N 85th St
Job Number:
Location: Maricopa County, Arizona
Contractor:
Phone:",,,
2026,EIH,EIH 13030 N 85th St,Selected,"Maricopa County, Arizona",Phone:,,,"8"" PVC Sdr 35",3,,Cast-a-Seal 603-08,,
2026,EIH,EIH 13030 N 85th St,Selected,"Maricopa County, Arizona",Phone:,,,,,Quantity Part Number Description Weight (lbs),,,
2026,EIH,EIH 13030 N 85th St,Selected,"Maricopa County, Arizona",Phone:,,,,,Connectors 3 CAST-A-SEAL 603-08 CAST-A-SEAL 603-08,,,
2026,EII,EII Upper West Neuse Interceptor,Selected,"Raleigh, NC",Phone:,,,,,"Job Name: EII Upper West Neuse Interceptor
Job Number:
Location: Raleigh, NC
Contractor:
Phone:",,,
2026,EII,EII Upper West Neuse Interceptor,Selected,"Raleigh, NC",Phone:,,,"12"" Ductile Iron",3,,S106-16WS Boot,,
2026,EII,EII Upper West Neuse Interceptor,Selected,"Raleigh, NC",Phone:,,,"12"" Ductile Iron",1,,,,
2026,EII,EII Upper West Neuse Interceptor,Selected,"Raleigh, NC",Phone:,,,"20"" HOBAS",1,,S206-24L Boot,,
2026,EII,EII Upper West Neuse Interceptor,Selected,"Raleigh, NC",Phone:,,,"24"" C900 DR-21",1,,S206-30 Boot,,
2026,EII,EII Upper West Neuse Interceptor,Selected,"Raleigh, NC",Phone:,,,"4"" Ductile Iron",16,,Mortar,,
2026,EII,EII Upper West Neuse Interceptor,Selected,"Raleigh, NC",Phone:,,,"48"" C905 DR25",1,,S206-54L Boot,,
2026,EII,EII Upper West Neuse Interceptor,Selected,"Raleigh, NC",Phone:,,,"48"" HOBAS",1,,S206-54L Boot,,
2026,EII,EII Upper West Neuse Interceptor,Selected,"Raleigh, NC",Phone:,,,"6"" PVC C900 100",1,,S406-12BWS Boot,,
2026,EII,EII Upper West Neuse Interceptor,Selected,"Raleigh, NC",Phone:,,,"6"" PVC C900 100",1,,,,
2026,EII,EII Upper West Neuse Interceptor,Selected,"Raleigh, NC",Phone:,,,"60"" HOBAS",53,,S206-66L,,
2026,EII,EII Upper West Neuse Interceptor,Selected,"Raleigh, NC",Phone:,,,8 PVC C900 DR-18,6,,S106-12WS Boot,,
2026,EII,EII Upper West Neuse Interceptor,Selected,"Raleigh, NC",Phone:,,,8 PVC C900 DR-18,2,,,,
2026,EII,EII Upper West Neuse Interceptor,Selected,"Raleigh, NC",Phone:,,,,,Quantity Part Number Description Weight (lbs),,,
2026,EII,EII Upper West Neuse Interceptor,Selected,"Raleigh, NC",Phone:,,,,,"Connectors 6 S106-12WS S106-12WS BOOT
3 S106-16WS BOOT
1 S206-24L BOOT
1 S206-30 S206-30 BOOT
2 S206-54L BOOT
53 S206-66L
1 S406-12BWS BOOT",,,
2026,EII,EII Upper West Neuse Interceptor,Selected,"Raleigh, NC",Phone:,,,,,"Job Name: EII Upper West Neuse Interceptor
Job Number:
Location: Raleigh, NC
Contractor:
Phone:",,,
2026,EII,EII Upper West Neuse Interceptor,Selected,"Raleigh, NC",Phone:,,,"12"" Ductile Iron",3,,S106-16WS Boot,,
2026,EII,EII Upper West Neuse Interceptor,Selected,"Raleigh, NC",Phone:,,,"12"" Ductile Iron",1,,,,
2026,EII,EII Upper West Neuse Interceptor,Selected,"Raleigh, NC",Phone:,,,"20"" HOBAS",1,,S206-24L Boot,,
2026,EII,EII Upper West Neuse Interceptor,Selected,"Raleigh, NC",Phone:,,,"24"" C900 DR-21",1,,S206-30 Boot,,
2026,EII,EII Upper West Neuse Interceptor,Selected,"Raleigh, NC",Phone:,,,"4"" Ductile Iron",16,,Mortar,,
2026,EII,EII Upper West Neuse Interceptor,Selected,"Raleigh, NC",Phone:,,,"48"" C905 DR25",1,,S206-54L Boot,,
2026,EII,EII Upper West Neuse Interceptor,Selected,"Raleigh, NC",Phone:,,,"48"" HOBAS",1,,S206-54L Boot,,
2026,EII,EII Upper West Neuse Interceptor,Selected,"Raleigh, NC",Phone:,,,"6"" PVC C900 100",1,,S406-12BWS Boot,,
2026,EII,EII Upper West Neuse Interceptor,Selected,"Raleigh, NC",Phone:,,,"6"" PVC C900 100",1,,,,
2026,EII,EII Upper West Neuse Interceptor,Selected,"Raleigh, NC",Phone:,,,"60"" HOBAS",53,,S206-66L,,
2026,EII,EII Upper West Neuse Interceptor,Selected,"Raleigh, NC",Phone:,,,8 PVC C900 DR-18,6,,S106-12WS Boot,,
2026,EII,EII Upper West Neuse Interceptor,Selected,"Raleigh, NC",Phone:,,,8 PVC C900 DR-18,2,,,,
2026,EII,EII Upper West Neuse Interceptor,Selected,"Raleigh, NC",Phone:,,,,,Quantity Part Number Description Weight (lbs),,,
2026,EII,EII Upper West Neuse Interceptor,Selected,"Raleigh, NC",Phone:,,,,,"Connectors 6 S106-12WS S106-12WS BOOT
3 S106-16WS BOOT
1 S206-24L BOOT
1 S206-30 S206-30 BOOT
2 S206-54L BOOT
53 S206-66L
1 S406-12BWS BOOT",,,
2026,EIJ,EIJ Park Peak Skier Services Bldg.,Selected,"Park City, UT",Phone:,,,,,"Job Name: EIJ Park Peak Skier Services Bldg.
Job Number:
Location: Park City, UT
Contractor:
Phone:",,,
2026,EIJ,EIJ Park Peak Skier Services Bldg.,Selected,"Park City, UT",Phone:,,,"4"" Lane HDPE",2,,S106-8MWP-EX,,
2026,EIJ,EIJ Park Peak Skier Services Bldg.,Selected,"Park City, UT",Phone:,,,"8"" HDPE DR17",1,,S106-12WS Boot,,
2026,EIJ,EIJ Park Peak Skier Services Bldg.,Selected,"Park City, UT",Phone:,,,,,Quantity Part Number Description Weight (lbs),,,
2026,EIJ,EIJ Park Peak Skier Services Bldg.,Selected,"Park City, UT",Phone:,,,,,"Connectors 1 S106-12WS S106-12WS BOOT
2 S106-8MWP-EX",,,
2026,EIK,EIK Stonecrest,Selected,"Osceola County, FL",Phone:,,,,,"Job Name: EIK Stonecrest
Job Number:
Location: Osceola County, FL
Contractor:
Phone:",,,
2026,EIK,EIK Stonecrest,Selected,"Osceola County, FL",Phone:,,,"10"" HDPE DR11",2,,S106-14AWS NPC Boot,,
2026,EIK,EIK Stonecrest,Selected,"Osceola County, FL",Phone:,,,4 HDPE DR11,3,,LS-300-S316-10,,
2026,EIK,EIK Stonecrest,Selected,"Osceola County, FL",Phone:,,,"8"" PVC Sdr 26",6,,S406-12AWS Boot,,
2026,EIK,EIK Stonecrest,Selected,"Osceola County, FL",Phone:,,,,,Quantity Part Number Description Weight (lbs),,,
2026,EIK,EIK Stonecrest,Selected,"Osceola County, FL",Phone:,,,,,"Connectors 3 LS-300-S316-10
2 S106-14AWS S106-14AWS NPC BOOT
6 S406-12AWS BOOT",,,
,EIK,Stonecrest,,"Osceola County, FL",Phone:,,,,,"Job Name: Stonecrest
Job Number:
Location: Osceola County, FL
Contractor:
Phone:",,,
,EIK,Stonecrest,,"Osceola County, FL",Phone:,,,"3"" PVC Schd 80",1,,LS-300-S316-8,,
,EIK,Stonecrest,,"Osceola County, FL",Phone:,,,4 HDPE DR11,2,,LS-300-S316-10,,
,EIK,Stonecrest,,"Osceola County, FL",Phone:,,,"6"" HDPE DR11",1,,LS-475-S316-10,,
,EIK,Stonecrest,,"Osceola County, FL",Phone:,,,"8"" PVC Sdr 26",6,,12-08 PSX:DD,,
,EIK,Stonecrest,,"Osceola County, FL",Phone:,,,,,Quantity Part Number Description Weight (lbs),,,
,EIK,Stonecrest,,"Osceola County, FL",Phone:,,,,,"Connectors 6 12-08 PSX:DD
2 LS-300-S316-10
1 LS-300-S316-8
1 LS-475-S316-10",,,
2026,EIL,EIL San Xavier 60 Inch Manhole,Selected,"Tuscon, AZ",Phone:,,,,,"Job Name: EIL San Xavier 60 Inch Manhole
Job Number:
Location: Tuscon, AZ
Pima County
Contractor:
Phone:",,,
2026,EIL,EIL San Xavier 60 Inch Manhole,Selected,"Tuscon, AZ",Phone:,,,"18"" PVC Sdr 35",2,,In 60 IN CIP Base,,
2026,EIL,EIL San Xavier 60 Inch Manhole,Selected,"Tuscon, AZ",Phone:,,,"4"" PVC Sdr 26",1,,8QRS PSX:DD,,
2026,EIL,EIL San Xavier 60 Inch Manhole,Selected,"Tuscon, AZ",Phone:,,,"4"" PVC Sdr 26",1,,In 60 IN CIP Base,,
2026,EIL,EIL San Xavier 60 Inch Manhole,Selected,"Tuscon, AZ",Phone:,,,,,Quantity Part Number Description Weight (lbs),,,
2026,EIL,EIL San Xavier 60 Inch Manhole,Selected,"Tuscon, AZ",Phone:,,,,,Connectors 1 8QRS PSX-DD 8QRS PSX:DD,,,
2026,EIM,EIM San Luis Medical Center,Selected,"San Luis, AZ",All Bidders,,,,,"Job Name: EIM San Luis Medical Center
Job Number: AZ2507
Location: San Luis, AZ
Yuma County
Contractor: All Bidders
Phone:",,,
2026,EIM,EIM San Luis Medical Center,Selected,"San Luis, AZ",All Bidders,,,"15"" PVC Sdr 35",2,,Cast-a-Seal 603-15,,
2026,EIM,EIM San Luis Medical Center,Selected,"San Luis, AZ",All Bidders,,,"8"" PVC Sdr 35",1,,12-08 PSX:DD,,
2026,EIM,EIM San Luis Medical Center,Selected,"San Luis, AZ",All Bidders,,,"8"" PVC Sdr 35",1,,Cast-a-Seal 603-08,,
2026,EIM,EIM San Luis Medical Center,Selected,"San Luis, AZ",All Bidders,,,,,Quantity Part Number Description Weight (lbs),,,
2026,EIM,EIM San Luis Medical Center,Selected,"San Luis, AZ",All Bidders,,,,,"Connectors 1 CAST-A-SEAL 603-08 CAST-A-SEAL 603-08
2 CAST-A-SEAL 603-15",,,
2026,EIM,EIM San Luis Medical Center,Selected,"San Luis, AZ",All Bidders,,,,,"Job Name: EIM San Luis Medical Center
Job Number: AZ2507
Location: San Luis, AZ
Yuma County
Contractor: All Bidders
Phone:",,,
2026,EIM,EIM San Luis Medical Center,Selected,"San Luis, AZ",All Bidders,,,"15"" PVC Sdr 35",2,,In 60 IN CIP Base,,
2026,EIM,EIM San Luis Medical Center,Selected,"San Luis, AZ",All Bidders,,,"8"" PVC Sdr 35",1,,12-08 PSX:DD,,
2026,EIM,EIM San Luis Medical Center,Selected,"San Luis, AZ",All Bidders,,,"8"" PVC Sdr 35",1,,In 60 IN CIP Base,,
2026,EIM,EIM San Luis Medical Center,Selected,"San Luis, AZ",All Bidders,,,,,Quantity Part Number Description Weight (lbs),,,
2026,EIM,EIM San Luis Medical Center,Selected,"San Luis, AZ",All Bidders,,,,,Connectors 1 12-08 PSX-DD 12-08 PSX:DD,,,
2026,EIN,EIN 38 Oaks,Selected,"Scottsdale, AZ",Phone:,,,,,"Job Name: EIN 38 Oaks
Job Number:
Location: Scottsdale, AZ
Maricopa County
Contractor:
Phone:",,,
2026,EIN,EIN 38 Oaks,Selected,"Scottsdale, AZ",Phone:,,,"4"" PVC Sdr 35",1,,Cast-a-Seal 402-04,,
2026,EIN,EIN 38 Oaks,Selected,"Scottsdale, AZ",Phone:,,,"8"" PVC Sdr 35",3,,Cast-a-Seal 603-08,,
2026,EIN,EIN 38 Oaks,Selected,"Scottsdale, AZ",Phone:,,,,,Quantity Part Number Description Weight (lbs),,,
2026,EIN,EIN 38 Oaks,Selected,"Scottsdale, AZ",Phone:,,,,,"Connectors 1 CAST-A-SEAL 402-04 CAST-A-SEAL 402-04
3 CAST-A-SEAL 603-08 CAST-A-SEAL 603-08",,,
2026,EIO,EIO Prose Lakewood Apartments,Selected,"Lakewood, WA",Phone:,,,,,"Job Name: EIO Prose Lakewood Apartments
Job Number:
Location: Lakewood, WA
Pierce County
Contractor:
Phone:",,,
2026,EIO,EIO Prose Lakewood Apartments,Selected,"Lakewood, WA",Phone:,,,3 HDPE DR11,1,,S106-8MWP-EX,,
2026,EIO,EIO Prose Lakewood Apartments,Selected,"Lakewood, WA",Phone:,,,"8"" C900 DR-18",4,,Cast-a-Seal 12-08.A,,
2026,EIO,EIO Prose Lakewood Apartments,Selected,"Lakewood, WA",Phone:,,,,,Quantity Part Number Description Weight (lbs),,,
2026,EIO,EIO Prose Lakewood Apartments,Selected,"Lakewood, WA",Phone:,,,,,"Connectors 4 CAST-A-SEAL 12-08.A CAST-A-SEAL 12-08.A
1 S106-8MWP-EX",,,
2026,EIO,EIO Prose Lakewood Apartments,Selected,"Lakewood, WA",Phone:,,,,,"Job Name: EIO Prose Lakewood Apartments
Job Number:
Location: Lakewood, WA
Pierce County
Contractor:
Phone:",,,
2026,EIO,EIO Prose Lakewood Apartments,Selected,"Lakewood, WA",Phone:,,,3 HDPE DR11,1,,S106-8MWP-EX,,
2026,EIO,EIO Prose Lakewood Apartments,Selected,"Lakewood, WA",Phone:,,,"8"" C900 DR-18",4,,Cast-a-Seal 12-08.A,,
2026,EIO,EIO Prose Lakewood Apartments,Selected,"Lakewood, WA",Phone:,,,,,Quantity Part Number Description Weight (lbs),,,
2026,EIO,EIO Prose Lakewood Apartments,Selected,"Lakewood, WA",Phone:,,,,,"Connectors 4 CAST-A-SEAL 12-08.A CAST-A-SEAL 12-08.A
1 S106-8MWP-EX",,,
2026,EIP,EIP Quote number 6000034965,Selected,"Gainesville, FL",Phone:,,,,,"Job Name: EIP Quote number 6000034965
Job Number:
Location: Gainesville, FL
Contractor:
Phone:",,,
2026,EIP,EIP Quote number 6000034965,Selected,"Gainesville, FL",Phone:,,,"6"" PVC Sdr 35",4,,S106-12BWS Boot,,
2026,EIP,EIP Quote number 6000034965,Selected,"Gainesville, FL",Phone:,,,,,Quantity Part Number Description Weight (lbs),,,
2026,EIP,EIP Quote number 6000034965,Selected,"Gainesville, FL",Phone:,,,,,"Job Name: EIP Quote number 6000034965
Job Number:
Location: Gainesville, FL
Contractor:
Phone:",,,
2026,EIP,EIP Quote number 6000034965,Selected,"Gainesville, FL",Phone:,,,"6"" PVC Sdr 35",4,,S106-12BWS Boot,,
2026,EIP,EIP Quote number 6000034965,Selected,"Gainesville, FL",Phone:,,,,,Quantity Part Number Description Weight (lbs),,,
2026,EIP,EIP Quote number 6000034965,Selected,"Gainesville, FL",Phone:,,,,,Connectors 3 S106-12BWS BOOT,,,
2026,EIQ,EIQ Medina Offsite Improvements,Selected,"Mesa, AZ",Phone:,,,,,"Job Name: EIQ Medina Offsite Improvements
Job Number:
Location: Mesa, AZ
Maricopa County
Contractor:
Phone:",,,
2026,EIQ,EIQ Medina Offsite Improvements,Selected,"Mesa, AZ",Phone:,,,"12"" PVC Sdr 26",4,,Cast-a-Seal 603-12,,
2026,EIQ,EIQ Medina Offsite Improvements,Selected,"Mesa, AZ",Phone:,,,,,Quantity Part Number Description Weight (lbs),,,
2026,EIQ,EIQ Medina Offsite Improvements,Selected,"Mesa, AZ",Phone:,,,,,Connectors 4 CAST-A-SEAL 603-12 CAST-A-SEAL 603-12,,,
2026,EIR,EIR Lone Elm Park SS Ext Project,,"Olathe, KS",Phone:,,,,,"Job Name: EIR Lone Elm Park SS Ext Project
Job Number:
Location: Olathe, KS
Contractor:
Phone:",,,
2026,EIR,EIR Lone Elm Park SS Ext Project,,"Olathe, KS",Phone:,,,"18"" PVC Sdr 26",8,,22M PSX-2:DD,,
2026,EIR,EIR Lone Elm Park SS Ext Project,,"Olathe, KS",Phone:,,,,,Quantity Part Number Description Weight (lbs),,,
2026,EIR,EIR Lone Elm Park SS Ext Project,,"Olathe, KS",Phone:,,,,,Connectors 8 22M PSX-2-DD 22M PSX-2:DD,,,
2026,EIS,EIS The Harvey LS,Selected,"Bradenton, FL",Phone:,,,,,"Job Name: EIS The Harvey LS
Job Number:
Location: Bradenton, FL
Manatee County
Contractor:
Phone:",,,
2026,EIS,EIS The Harvey LS,Selected,"Bradenton, FL",Phone:,,,"8"" PVC Sdr 26",1,,Cast-a-Seal 603-08,,
2026,EIS,EIS The Harvey LS,Selected,"Bradenton, FL",Phone:,,,"8"" PVC Sdr 26",3,,Cast-a-Seal 603-08,,
2026,EIS,EIS The Harvey LS,Selected,"Bradenton, FL",Phone:,,,,,Quantity Part Number Description Weight (lbs),,,
2026,EIS,EIS The Harvey LS,Selected,"Bradenton, FL",Phone:,,,,,Connectors 4 CAST-A-SEAL 603-08 CAST-A-SEAL 603-08,,,
2025,EIS,DXO The Harvey,Selected,"Bradenton, FL",Phone:,,,,,"Job Name: DXO The Harvey
Job Number:
Location: Bradenton, FL
Manatee County
Contractor:
Phone:",,,
2025,EIS,DXO The Harvey,Selected,"Bradenton, FL",Phone:,,,"8"" PVC Sdr 26",5,,Cast-a-Seal 603-08,,
2025,EIS,DXO The Harvey,Selected,"Bradenton, FL",Phone:,,,,,Quantity Part Number Description Weight (lbs),,,
2025,EIS,DXO The Harvey,Selected,"Bradenton, FL",Phone:,,,,,Connectors 5 CAST-A-SEAL 603-08 CAST-A-SEAL 603-08,,,
2026,EIS,EIS The Harvey LS,Selected,"Bradenton, FL",Phone:,,,,,"Job Name: EIS The Harvey LS
Job Number:
Location: Bradenton, FL
Manatee County
Contractor:
Phone:",,,
2026,EIS,EIS The Harvey LS,Selected,"Bradenton, FL",Phone:,,,4 HDPE DR11,2,,LS-300-S316-10,,
2026,EIS,EIS The Harvey LS,Selected,"Bradenton, FL",Phone:,,,"4"" PVC Schd 80",1,,LS-300-S316-10,,
2026,EIS,EIS The Harvey LS,Selected,"Bradenton, FL",Phone:,,,"8"" PVC Sdr 26",1,,Cast-a-Seal 603-08,,
2026,EIS,EIS The Harvey LS,Selected,"Bradenton, FL",Phone:,,,"8"" PVC Sdr 26",3,,Cast-a-Seal 603-08,,
2026,EIS,EIS The Harvey LS,Selected,"Bradenton, FL",Phone:,,,,,Quantity Part Number Description Weight (lbs),,,
2026,EIS,EIS The Harvey LS,Selected,"Bradenton, FL",Phone:,,,,,"Connectors 4 CAST-A-SEAL 603-08 CAST-A-SEAL 603-08
3 LS-300-S316-10",,,
2026,EIT,EIT COSV Sewer Point Repair,MH-712,"Sierra Vista, AZ",Phone:,,,,,"Job Name: EIT COSV Sewer Point Repair
Job Number:
Location: Sierra Vista, AZ
Cochise County
Contractor:
Phone:",,,
2026,EIT,EIT COSV Sewer Point Repair,MH-712,"Sierra Vista, AZ",Phone:,,,"8"" PVC Sdr 35",2,,Cast-a-Seal 603-08,,
2026,EIT,EIT COSV Sewer Point Repair,MH-712,"Sierra Vista, AZ",Phone:,,,,,Quantity Part Number Description Weight (lbs),,,
2026,EIT,EIT COSV Sewer Point Repair,MH-712,"Sierra Vista, AZ",Phone:,,,,,Connectors 2 CAST-A-SEAL 603-08 CAST-A-SEAL 603-08,,,
2026,EIT,EIT COSV Sewer Point Repair,MH-712,"Sierra Vista, AZ",Phone:,,,,,"Job Name: EIT COSV Sewer Point Repair
Job Number:
Location: Sierra Vista, AZ
Cochise County
Contractor:
Phone:",,,
2026,EIT,EIT COSV Sewer Point Repair,MH-712,"Sierra Vista, AZ",Phone:,,,"8"" PVC Sdr 35",2,,Cast-a-Seal 603-08,,
2026,EIT,EIT COSV Sewer Point Repair,MH-712,"Sierra Vista, AZ",Phone:,,,,,Quantity Part Number Description Weight (lbs),,,
2026,EIT,EIT COSV Sewer Point Repair,MH-712,"Sierra Vista, AZ",Phone:,,,,,Connectors 2 CAST-A-SEAL 603-08 CAST-A-SEAL 603-08,,,
2026,EIU,EIU Sewer Trunk Rehab on Grimes,Selected,"Modesto, CA",All Bidders,,,,,"Job Name: EIU Sewer Trunk Rehab on Grimes
Job Number: CA2412
Location: Modesto, CA
Stanislaus County
Contractor: All Bidders
Phone:",,,
2026,EIU,EIU Sewer Trunk Rehab on Grimes,Selected,"Modesto, CA",All Bidders,,,"54"" RCP C",2,,In 72 IN CIP Base,,
2026,EIU,EIU Sewer Trunk Rehab on Grimes,Selected,"Modesto, CA",All Bidders,,,,,Quantity Part Number Description Weight (lbs),,,
2026,EIV,EIV SYCUAN SQUARE LIFT STATION #6 &,UTILITIES TO LIFT STATION #7-Selected,"El Cajon,CA",Phone:,,,,,"Job Name: EIV SYCUAN SQUARE LIFT STATION #6 &
UTILITIES TO LIFT STATION #7
Job Number:
Location: El Cajon,CA
San Diego County
Contractor:
Phone:",,,
2026,EIV,EIV SYCUAN SQUARE LIFT STATION #6 &,UTILITIES TO LIFT STATION #7-Selected,"El Cajon,CA",Phone:,,,"10"" PVC Sdr 35",3,,By-Others,,
2026,EIV,EIV SYCUAN SQUARE LIFT STATION #6 &,UTILITIES TO LIFT STATION #7-Selected,"El Cajon,CA",Phone:,,,"3"" PVC Schd 80",2,,By-Others,,
2026,EIV,EIV SYCUAN SQUARE LIFT STATION #6 &,UTILITIES TO LIFT STATION #7-Selected,"El Cajon,CA",Phone:,,,"4"" PVC Schd 80",1,,By-Others,,
2026,EIV,EIV SYCUAN SQUARE LIFT STATION #6 &,UTILITIES TO LIFT STATION #7-Selected,"El Cajon,CA",Phone:,,,"4"" PVC Schd 80",1,,,,
2026,EIV,EIV SYCUAN SQUARE LIFT STATION #6 &,UTILITIES TO LIFT STATION #7-Selected,"El Cajon,CA",Phone:,,,"8"" PVC Sdr 35",1,,By-Others,,
2026,EIV,EIV SYCUAN SQUARE LIFT STATION #6 &,UTILITIES TO LIFT STATION #7-Selected,"El Cajon,CA",Phone:,,,,,Quantity Part Number Description Weight (lbs),,,
2026,EIV,EIV SYCUAN SQUARE LIFT STATION #6 &,UTILITIES TO LIFT STATION #7-Selected,"El Cajon,CA",Phone:,,,,,Connectors 1 BY-OTHERS,,,
2026,EIV,EIV SYCUAN SQUARE LIFT STATION #6 &,UTILITIES TO LIFT STATION #7,"El Cajon,CA",Phone:,,,,,"Job Name: EIV SYCUAN SQUARE LIFT STATION #6 &
UTILITIES TO LIFT STATION #7
Job Number:
Location: El Cajon,CA
San Diego County
Contractor:
Phone:",,,
2026,EIV,EIV SYCUAN SQUARE LIFT STATION #6 &,UTILITIES TO LIFT STATION #7,"El Cajon,CA",Phone:,,,"10"" PVC Sdr 35",3,,By-Others,,
2026,EIV,EIV SYCUAN SQUARE LIFT STATION #6 &,UTILITIES TO LIFT STATION #7,"El Cajon,CA",Phone:,,,"3"" PVC Schd 80",2,,By-Others,,
2026,EIV,EIV SYCUAN SQUARE LIFT STATION #6 &,UTILITIES TO LIFT STATION #7,"El Cajon,CA",Phone:,,,"4"" PVC Schd 80",1,,By-Others,,
2026,EIV,EIV SYCUAN SQUARE LIFT STATION #6 &,UTILITIES TO LIFT STATION #7,"El Cajon,CA",Phone:,,,"4"" PVC Schd 80",1,,,,
2026,EIV,EIV SYCUAN SQUARE LIFT STATION #6 &,UTILITIES TO LIFT STATION #7,"El Cajon,CA",Phone:,,,"8"" PVC Sdr 35",1,,By-Others,,
2026,EIV,EIV SYCUAN SQUARE LIFT STATION #6 &,UTILITIES TO LIFT STATION #7,"El Cajon,CA",Phone:,,,,,Quantity Part Number Description Weight (lbs),,,
2026,EIV,EIV SYCUAN SQUARE LIFT STATION #6 &,UTILITIES TO LIFT STATION #7,"El Cajon,CA",Phone:,,,,,Connectors 1 BY-OTHERS,,,
2026,EIW,EIW Sunbridge PD Neighborhood E Ph 1,Selected,"Osceola County, FL",Phone:,,,,,"Job Name: EIW Sunbridge PD Neighborhood E Ph 1
Job Number:
Location: Osceola County, FL
Contractor:
Phone:",,,
2026,EIW,EIW Sunbridge PD Neighborhood E Ph 1,Selected,"Osceola County, FL",Phone:,,,"10"" HDPE DR11",1,,S106-14AWS NPC Boot,,
2026,EIW,EIW Sunbridge PD Neighborhood E Ph 1,Selected,"Osceola County, FL",Phone:,,,"10"" PVC Sdr 26",1,,S106-14AWS Boot,,
2026,EIW,EIW Sunbridge PD Neighborhood E Ph 1,Selected,"Osceola County, FL",Phone:,,,"10"" PVC Sdr 26",1,,S106-14AWS NPC Boot,,
2026,EIW,EIW Sunbridge PD Neighborhood E Ph 1,Selected,"Osceola County, FL",Phone:,,,"10"" PVC Sdr 26",1,,S106-16BWS Boot,,
2026,EIW,EIW Sunbridge PD Neighborhood E Ph 1,Selected,"Osceola County, FL",Phone:,,,4 HDPE DR11,3,,LS-300-S316-10,,
2026,EIW,EIW Sunbridge PD Neighborhood E Ph 1,Selected,"Osceola County, FL",Phone:,,,"6"" PVC Sdr 35",1,,S106-12BWS Boot,,
2026,EIW,EIW Sunbridge PD Neighborhood E Ph 1,Selected,"Osceola County, FL",Phone:,,,"8"" PVC Sdr 35",19,,S406-12AWS Boot,,
2026,EIW,EIW Sunbridge PD Neighborhood E Ph 1,Selected,"Osceola County, FL",Phone:,,,"8"" PVC Sdr 35",1,,,,
2026,EIW,EIW Sunbridge PD Neighborhood E Ph 1,Selected,"Osceola County, FL",Phone:,,,,,Quantity Part Number Description Weight (lbs),,,
2026,EIW,EIW Sunbridge PD Neighborhood E Ph 1,Selected,"Osceola County, FL",Phone:,,,,,"Connectors 3 LS-300-S316-10
1 S106-12BWS BOOT
1 S106-14AWS S106-14AWS BOOT
2 S106-14AWS S106-14AWS NPC BOOT
1 S106-16BWS BOOT
19 S406-12AWS BOOT",,,
2026,EIW,EIW Sunbridge PD Neighborhood E Ph 1,Selected,"Osceola County, FL",Phone:,,,,,"Job Name: EIW Sunbridge PD Neighborhood E Ph 1
Job Number:
Location: Osceola County, FL
Contractor:
Phone:",,,
2026,EIW,EIW Sunbridge PD Neighborhood E Ph 1,Selected,"Osceola County, FL",Phone:,,,"10"" HDPE DR11",4,,S106-14AWS NPC Boot,,
2026,EIW,EIW Sunbridge PD Neighborhood E Ph 1,Selected,"Osceola County, FL",Phone:,,,4 HDPE DR11,3,,LS-300-S316-10,,
2026,EIW,EIW Sunbridge PD Neighborhood E Ph 1,Selected,"Osceola County, FL",Phone:,,,"6"" PVC Sdr 35",1,,S106-12BWS Boot,,
2026,EIW,EIW Sunbridge PD Neighborhood E Ph 1,Selected,"Osceola County, FL",Phone:,,,"8"" PVC Sdr 35",19,,S406-12AWS Boot,,
2026,EIW,EIW Sunbridge PD Neighborhood E Ph 1,Selected,"Osceola County, FL",Phone:,,,"8"" PVC Sdr 35",1,,,,
2026,EIW,EIW Sunbridge PD Neighborhood E Ph 1,Selected,"Osceola County, FL",Phone:,,,,,Quantity Part Number Description Weight (lbs),,,
2026,EIW,EIW Sunbridge PD Neighborhood E Ph 1,Selected,"Osceola County, FL",Phone:,,,,,"Connectors 3 LS-300-S316-10
1 S106-12BWS BOOT
4 S106-14AWS S106-14AWS NPC BOOT
19 S406-12AWS BOOT",,,
2026,EIX,EIX Edgewater ED6 Ph 3B,Selected,"St. Cloud, FL",Phone:,,,,,"Job Name: EIX Edgewater ED6 Ph 3B
Job Number:
Location: St. Cloud, FL
Contractor:
Phone:",,,
2026,EIX,EIX Edgewater ED6 Ph 3B,Selected,"St. Cloud, FL",Phone:,,,"10"" HDPE DR11",2,,S106-14AWS NPC Boot,,
2026,EIX,EIX Edgewater ED6 Ph 3B,Selected,"St. Cloud, FL",Phone:,,,"2"" PVC Schd 80",1,,S106-8MWS Boot,,
2026,EIX,EIX Edgewater ED6 Ph 3B,Selected,"St. Cloud, FL",Phone:,,,"6"" HDPE DR11",3,,LS-475-S316-10,,
2026,EIX,EIX Edgewater ED6 Ph 3B,Selected,"St. Cloud, FL",Phone:,,,"8"" PVC Sdr 35",14,,S406-12AWS Boot,,
2026,EIX,EIX Edgewater ED6 Ph 3B,Selected,"St. Cloud, FL",Phone:,,,,,Quantity Part Number Description Weight (lbs),,,
2026,EIX,EIX Edgewater ED6 Ph 3B,Selected,"St. Cloud, FL",Phone:,,,,,"Connectors 3 LS-475-S316-10
2 S106-14AWS S106-14AWS NPC BOOT
1 S106-8MWS S106-8MWS BOOT
14 S406-12AWS BOOT",,,
2026,EIY,EIY LS Rehab No. 48 and 16in FM,,"Sugar Land, TX",Phone:,,,,,"Job Name: EIY LS Rehab No. 48 and 16in FM
Job Number:
Location: Sugar Land, TX
Fort Bend County
Contractor:
Phone:",,,
2026,EIY,EIY LS Rehab No. 48 and 16in FM,,"Sugar Land, TX",Phone:,,,"16"" PVC C-900",1,,22L PSX-2:DD,,
2026,EIY,EIY LS Rehab No. 48 and 16in FM,,"Sugar Land, TX",Phone:,,,"16"" PVC C-900",1,,,,
2026,EIY,EIY LS Rehab No. 48 and 16in FM,,"Sugar Land, TX",Phone:,,,"36"" HOBAS",2,,DogHouse,,
2026,EIY,EIY LS Rehab No. 48 and 16in FM,,"Sugar Land, TX",Phone:,,,,,Quantity Part Number Description Weight (lbs),,,
2026,EIY,EIY LS Rehab No. 48 and 16in FM,,"Sugar Land, TX",Phone:,,,,,Connectors 1 22L PSX-2-DD 22L PSX-2:DD,,,
2026,EIZ,EIZ Phase 1D - Neighborhood B - Sewer MH Grade,Rings-Selected,"Camarillo,CA",Phone:,,,,,"Job Name: EIZ Phase 1D - Neighborhood B - Sewer MH Grade
Rings
Job Number:
Location: Camarillo,CA
Ventura County
Contractor:
Phone:",,,
2026,EIZ,EIZ Phase 1D - Neighborhood B - Sewer MH Grade,Rings-Selected,"Camarillo,CA",Phone:,,,,,Quantity Part Number Description Weight (lbs),,,
2026,EJA,EJA SAVANNA AT LAKEWOOD COMMERICAL,OFFSITE AND ONSITE (Add-on LS)-Selected,"Bradenton, FL",Phone:,,,,,"Job Name: EJA SAVANNA AT LAKEWOOD COMMERICAL
OFFSITE AND ONSITE (Add-on LS)
Job Number:
Location: Bradenton, FL
Manatee County
Contractor:
Phone:",,,
2026,EJA,EJA SAVANNA AT LAKEWOOD COMMERICAL,OFFSITE AND ONSITE (Add-on LS)-Selected,"Bradenton, FL",Phone:,,,4 HDPE DR11,2,,Mortar,,
2026,EJA,EJA SAVANNA AT LAKEWOOD COMMERICAL,OFFSITE AND ONSITE (Add-on LS)-Selected,"Bradenton, FL",Phone:,,,"4"" PVC Schd 80",1,,Mortar,,
2026,EJA,EJA SAVANNA AT LAKEWOOD COMMERICAL,OFFSITE AND ONSITE (Add-on LS)-Selected,"Bradenton, FL",Phone:,,,"8"" PVC Sdr 26",1,,Cast-a-Seal 603-08,,
2026,EJA,EJA SAVANNA AT LAKEWOOD COMMERICAL,OFFSITE AND ONSITE (Add-on LS)-Selected,"Bradenton, FL",Phone:,,,,,Quantity Part Number Description Weight (lbs),,,
2026,EJA,EJA SAVANNA AT LAKEWOOD COMMERICAL,OFFSITE AND ONSITE (Add-on LS)-Selected,"Bradenton, FL",Phone:,,,,,Connectors 1 CAST-A-SEAL 603-08 CAST-A-SEAL 603-08,,,
2026,EJA,EJA SAVANNA AT LAKEWOOD COMMERICAL,OFFSITE AND ONSITE-Selected,"Bradenton, FL",Phone:,,,,,"Job Name: EJA SAVANNA AT LAKEWOOD COMMERICAL
OFFSITE AND ONSITE
Job Number:
Location: Bradenton, FL
Manatee County
Contractor:
Phone:",,,
2026,EJA,EJA SAVANNA AT LAKEWOOD COMMERICAL,OFFSITE AND ONSITE-Selected,"Bradenton, FL",Phone:,,,"8"" PVC Sdr 26",7,,Cast-a-Seal 603-08,,
2026,EJA,EJA SAVANNA AT LAKEWOOD COMMERICAL,OFFSITE AND ONSITE-Selected,"Bradenton, FL",Phone:,,,"8"" PVC Sdr 26",2,,"Encase 8"" Elbow",,
2026,EJA,EJA SAVANNA AT LAKEWOOD COMMERICAL,OFFSITE AND ONSITE-Selected,"Bradenton, FL",Phone:,,,,,Quantity Part Number Description Weight (lbs),,,
2026,EJA,EJA SAVANNA AT LAKEWOOD COMMERICAL,OFFSITE AND ONSITE-Selected,"Bradenton, FL",Phone:,,,,,Connectors 9 CAST-A-SEAL 603-08 CAST-A-SEAL 603-08,,,
2026,EJB,EJB Tanyard Creek LS Improvements E243-0040,,"Huntsville, TX",Phone:,,,,,"Job Name: EJB Tanyard Creek LS Improvements E243-0040
Job Number:
Location: Huntsville, TX
Contractor:
Phone:",,,
2026,EJB,EJB Tanyard Creek LS Improvements E243-0040,,"Huntsville, TX",Phone:,,,"14"" Boot C900 DR-21",2,,20Y PSX-2:DD,,
2026,EJB,EJB Tanyard Creek LS Improvements E243-0040,,"Huntsville, TX",Phone:,,,"18"" PVC Sdr 26",7,,22M PSX-2:DD,,
2026,EJB,EJB Tanyard Creek LS Improvements E243-0040,,"Huntsville, TX",Phone:,,,"8"" PVC Sdr 26",2,,12-08 PSX:DD,,
2026,EJB,EJB Tanyard Creek LS Improvements E243-0040,,"Huntsville, TX",Phone:,,,,,Quantity Part Number Description Weight (lbs),,,
2026,EJB,EJB Tanyard Creek LS Improvements E243-0040,,"Huntsville, TX",Phone:,,,,,"Connectors 2 12-08 PSX-DD 12-08 PSX:DD
2 20Y PSX-2:DD
7 22M PSX-2-DD 22M PSX-2:DD",,,
2026,EJB,EJB Tanyard Creek LS Improvements E243-0040,Selected,"Huntsville, TX",Phone:,,,,,"Job Name: EJB Tanyard Creek LS Improvements E243-0040
Job Number:
Location: Huntsville, TX
Contractor:
Phone:",,,
2026,EJB,EJB Tanyard Creek LS Improvements E243-0040,Selected,"Huntsville, TX",Phone:,,,"14"" Boot C900 DR-21",2,,20Y PSX-2:DD,,
2026,EJB,EJB Tanyard Creek LS Improvements E243-0040,Selected,"Huntsville, TX",Phone:,,,"18"" PVC Sdr 26",7,,22M PSX-2:DD,,
2026,EJB,EJB Tanyard Creek LS Improvements E243-0040,Selected,"Huntsville, TX",Phone:,,,"8"" PVC Sdr 26",2,,12-08 PSX:DD,,
2026,EJB,EJB Tanyard Creek LS Improvements E243-0040,Selected,"Huntsville, TX",Phone:,,,,,Quantity Part Number Description Weight (lbs),,,
2026,EJB,EJB Tanyard Creek LS Improvements E243-0040,Selected,"Huntsville, TX",Phone:,,,,,"Connectors 2 12-08 PSX-DD 12-08 PSX:DD
2 20Y PSX-2:DD
7 22M PSX-2-DD 22M PSX-2:DD",,,
2026,EJD,EJD State College of Florida-Parrish Campus,Selected,"Parrish, FL",Phone:,,,,,"Job Name: EJD State College of Florida-Parrish Campus
Job Number:
Location: Parrish, FL
Contractor:
Phone:",,,
2026,EJD,EJD State College of Florida-Parrish Campus,Selected,"Parrish, FL",Phone:,,,"4"" PVC Schd 80",1,,Mortar,,
2026,EJD,EJD State College of Florida-Parrish Campus,Selected,"Parrish, FL",Phone:,,,"6"" PVC Sdr 18",2,,Mortar,,
2026,EJD,EJD State College of Florida-Parrish Campus,Selected,"Parrish, FL",Phone:,,,"8"" PVC Sdr 26",9,,Cast-a-Seal 603-08,,
2026,EJD,EJD State College of Florida-Parrish Campus,Selected,"Parrish, FL",Phone:,,,,,Quantity Part Number Description Weight (lbs),,,
2026,EJD,EJD State College of Florida-Parrish Campus,Selected,"Parrish, FL",Phone:,,,,,Connectors 9 CAST-A-SEAL 603-08 CAST-A-SEAL 603-08,,,
2026,EJE,EJE Sewer Line Replacement 4th St to 6th St,Selected,"Yuma, AZ",Phone:,,,,,"Job Name: EJE Sewer Line Replacement 4th St to 6th St
Job Number: AZ2505
Location: Yuma, AZ
Yuma County
Contractor:
Phone:",,,
2026,EJE,EJE Sewer Line Replacement 4th St to 6th St,Selected,"Yuma, AZ",Phone:,,,"8"" Vitrified Clay",7,,14M PSX:DD,,
2026,EJE,EJE Sewer Line Replacement 4th St to 6th St,Selected,"Yuma, AZ",Phone:,,,,,Quantity Part Number Description Weight (lbs),,,
2026,EJE,EJE Sewer Line Replacement 4th St to 6th St,Selected,"Yuma, AZ",Phone:,,,,,Connectors 7 14M PSX:DD,,,
2026,EJE,EJE Sewer Line Replacement 4th St to 6th St,Selected,"Yuma, AZ",Phone:,,,,,"Job Name: EJE Sewer Line Replacement 4th St to 6th St
Job Number: AZ2505
Location: Yuma, AZ
Yuma County
Contractor:
Phone:",,,
2026,EJE,EJE Sewer Line Replacement 4th St to 6th St,Selected,"Yuma, AZ",Phone:,,,"8"" PVC Sdr 35",7,,12-08 PSX:DD,,
2026,EJE,EJE Sewer Line Replacement 4th St to 6th St,Selected,"Yuma, AZ",Phone:,,,,,Quantity Part Number Description Weight (lbs),,,
2026,EJE,EJE Sewer Line Replacement 4th St to 6th St,Selected,"Yuma, AZ",Phone:,,,,,Connectors 7 12-08 PSX-DD 12-08 PSX:DD,,,
2026,EJF,EJF Poquito PS Replacement,LS (TREMMIE),"Okaloosa County, FL",Phone:,,,,,"Job Name: EJF Poquito PS Replacement
Job Number:
Location: Okaloosa County, FL
Contractor:
Phone:",,,
2026,EJF,EJF Poquito PS Replacement,LS (TREMMIE),"Okaloosa County, FL",Phone:,,,"2""x4"" Notch",2,,Mortar,,
2026,EJF,EJF Poquito PS Replacement,LS (TREMMIE),"Okaloosa County, FL",Phone:,,,"2""x4"" Notch",1,,Mortar,,
2026,EJF,EJF Poquito PS Replacement,LS (TREMMIE),"Okaloosa County, FL",Phone:,,,30x36 HOBAS Box,2,,Mortar Cast-In,,
2026,EJF,EJF Poquito PS Replacement,LS (TREMMIE),"Okaloosa County, FL",Phone:,,,4 SS-316 Sch10,1,,LS-300-S316-10,,
2026,EJF,EJF Poquito PS Replacement,LS (TREMMIE),"Okaloosa County, FL",Phone:,,,"6"" SS-316 Sch10",2,,LS-475-S316-10,,
2026,EJF,EJF Poquito PS Replacement,LS (TREMMIE),"Okaloosa County, FL",Phone:,,,Floor Elev.,1,,,,
2026,EJF,EJF Poquito PS Replacement,LS (TREMMIE),"Okaloosa County, FL",Phone:,,,,,Quantity Part Number Description Weight (lbs),,,
2026,EJF,EJF Poquito PS Replacement,LS (TREMMIE),"Okaloosa County, FL",Phone:,,,,,"Connectors 1 LS-300-S316-10
2 LS-475-S316-10",,,
2026,EJF,EJF Poquito PS Replacement,LS (TREMMIE),"Okaloosa County, FL",Phone:,,,,,"Job Name: EJF Poquito PS Replacement
Job Number:
Location: Okaloosa County, FL
Contractor:
Phone:",,,
2026,EJF,EJF Poquito PS Replacement,LS (TREMMIE),"Okaloosa County, FL",Phone:,,,"2""x4"" Notch",3,,Mortar,,
2026,EJF,EJF Poquito PS Replacement,LS (TREMMIE),"Okaloosa County, FL",Phone:,,,30x36 HOBAS Box,2,,Mortar Cast-In,,
2026,EJF,EJF Poquito PS Replacement,LS (TREMMIE),"Okaloosa County, FL",Phone:,,,4 SS-316 Sch10,1,,LS-300-S316-10,,
2026,EJF,EJF Poquito PS Replacement,LS (TREMMIE),"Okaloosa County, FL",Phone:,,,"6"" SS-316 Sch10",2,,LS-475-S316-10,,
2026,EJF,EJF Poquito PS Replacement,LS (TREMMIE),"Okaloosa County, FL",Phone:,,,Floor Elev.,1,,,,
2026,EJF,EJF Poquito PS Replacement,LS (TREMMIE),"Okaloosa County, FL",Phone:,,,,,Quantity Part Number Description Weight (lbs),,,
2026,EJF,EJF Poquito PS Replacement,LS (TREMMIE),"Okaloosa County, FL",Phone:,,,,,"Connectors 1 LS-300-S316-10
2 LS-475-S316-10",,,
2026,EJF,EJF Poquito PS Replacement,LS (TREMMIE),"Okaloosa County, FL",Phone:,,,,,"Job Name: EJF Poquito PS Replacement
Job Number:
Location: Okaloosa County, FL
Contractor:
Phone:",,,
2026,EJF,EJF Poquito PS Replacement,LS (TREMMIE),"Okaloosa County, FL",Phone:,,,"2""x4"" Notch",3,,Mortar,,
2026,EJF,EJF Poquito PS Replacement,LS (TREMMIE),"Okaloosa County, FL",Phone:,,,30x36 HOBAS Box,2,,Mortar Cast-In,,
2026,EJF,EJF Poquito PS Replacement,LS (TREMMIE),"Okaloosa County, FL",Phone:,,,4 SS-316 Sch10,1,,LS-300-S316-10,,
2026,EJF,EJF Poquito PS Replacement,LS (TREMMIE),"Okaloosa County, FL",Phone:,,,"6"" SS-316 Sch10",2,,LS-475-S316-10,,
2026,EJF,EJF Poquito PS Replacement,LS (TREMMIE),"Okaloosa County, FL",Phone:,,,Floor Elev.,1,,,,
2026,EJF,EJF Poquito PS Replacement,LS (TREMMIE),"Okaloosa County, FL",Phone:,,,,,Quantity Part Number Description Weight (lbs),,,
2026,EJF,EJF Poquito PS Replacement,LS (TREMMIE),"Okaloosa County, FL",Phone:,,,,,"Connectors 1 LS-300-S316-10
2 LS-475-S316-10",,,
2026,EJG,EJG Lake Flores Phase 1C-2,MH-71,"Bradenton, FL",Phone:,,,,,"Job Name: EJG Lake Flores Phase 1C-2
Job Number:
Location: Bradenton, FL
Manatee County
Contractor:
Phone:",,,
2026,EJG,EJG Lake Flores Phase 1C-2,MH-71,"Bradenton, FL",Phone:,,,"8"" PVC Sdr 26",3,,Cast-a-Seal 603-08,,
2026,EJG,EJG Lake Flores Phase 1C-2,MH-71,"Bradenton, FL",Phone:,,,,,Quantity Part Number Description Weight (lbs),,,
2026,EJG,EJG Lake Flores Phase 1C-2,MH-71,"Bradenton, FL",Phone:,,,,,Connectors 3 CAST-A-SEAL 603-08 CAST-A-SEAL 603-08,,,
2026,EJG,EJG Lake Flores Phase 1C-2,Selected,"Bradenton, FL",Phone:,,,,,"Job Name: EJG Lake Flores Phase 1C-2
Job Number:
Location: Bradenton, FL
Manatee County
Contractor:
Phone:",,,
2026,EJG,EJG Lake Flores Phase 1C-2,Selected,"Bradenton, FL",Phone:,,,"8"" PVC Sdr 26",16,,Cast-a-Seal 603-08,,
2026,EJG,EJG Lake Flores Phase 1C-2,Selected,"Bradenton, FL",Phone:,,,"8"" PVC Sdr 26",5,,"Encase 8"" Elbow",,
2026,EJG,EJG Lake Flores Phase 1C-2,Selected,"Bradenton, FL",Phone:,,,,,Quantity Part Number Description Weight (lbs),,,
2026,EJG,EJG Lake Flores Phase 1C-2,Selected,"Bradenton, FL",Phone:,,,,,Connectors 21 CAST-A-SEAL 603-08 CAST-A-SEAL 603-08,,,
2026,EJG,EJG Lake Flores Phase 1C-2,Selected,"Bradenton, FL",Phone:,,,,,"Job Name: EJG Lake Flores Phase 1C-2
Job Number:
Location: Bradenton, FL
Manatee County
Contractor:
Phone:",,,
2026,EJG,EJG Lake Flores Phase 1C-2,Selected,"Bradenton, FL",Phone:,,,"8"" PVC Sdr 26",16,,Cast-a-Seal 603-08,,
2026,EJG,EJG Lake Flores Phase 1C-2,Selected,"Bradenton, FL",Phone:,,,"8"" PVC Sdr 26",4,,"Encase 8"" Elbow",,
2026,EJG,EJG Lake Flores Phase 1C-2,Selected,"Bradenton, FL",Phone:,,,,,Quantity Part Number Description Weight (lbs),,,
2026,EJG,EJG Lake Flores Phase 1C-2,Selected,"Bradenton, FL",Phone:,,,,,Connectors 20 CAST-A-SEAL 603-08 CAST-A-SEAL 603-08,,,
2026,EJH,EJH A-16 Sewer LS,Selected,"Saipan, Northern Mariana Islands",Phone:,,,,,"Job Name: EJH A-16 Sewer LS
Job Number:
Location: Saipan, Northern Mariana Islands
Contractor:
Phone:",,,
2026,EJH,EJH A-16 Sewer LS,Selected,"Saipan, Northern Mariana Islands",Phone:,,,,,Job Notes: 316 SSTL clamps,,,
2026,EJH,EJH A-16 Sewer LS,Selected,"Saipan, Northern Mariana Islands",Phone:,,,"10"" PVC C900 200",1,,S106-14AWS Boot,,
2026,EJH,EJH A-16 Sewer LS,Selected,"Saipan, Northern Mariana Islands",Phone:,,,"12"" Ductile Iron",2,,S106-16WS Boot,,
2026,EJH,EJH A-16 Sewer LS,Selected,"Saipan, Northern Mariana Islands",Phone:,,,"2"" PVC Sdr 35",3,,S106-7MWS Boot,,
2026,EJH,EJH A-16 Sewer LS,Selected,"Saipan, Northern Mariana Islands",Phone:,,,"24"" C900 DR-21",1,,S206-30 NPC Boot,,
2026,EJH,EJH A-16 Sewer LS,Selected,"Saipan, Northern Mariana Islands",Phone:,,,"24"" PVC Sdr 35",4,,28A PSX-2:DD,,
2026,EJH,EJH A-16 Sewer LS,Selected,"Saipan, Northern Mariana Islands",Phone:,,,"24"" PVC Sdr 35",1,,S206-28 Boot,,
2026,EJH,EJH A-16 Sewer LS,Selected,"Saipan, Northern Mariana Islands",Phone:,,,"6"" PVC Schd 80",1,,LS-475-S316-10,,
2026,EJH,EJH A-16 Sewer LS,Selected,"Saipan, Northern Mariana Islands",Phone:,,,"8"" PVC Sdr 35",1,,LS-475-S316-12,,
2026,EJH,EJH A-16 Sewer LS,Selected,"Saipan, Northern Mariana Islands",Phone:,,,,,Quantity Part Number Description Weight (lbs),,,
2026,EJH,EJH A-16 Sewer LS,Selected,"Saipan, Northern Mariana Islands",Phone:,,,,,"Connectors 4 28A PSX-2-DD 28A PSX-2:DD
1 LS-475-S316-10
1 LS-475-S316-12 LS-475-S316-12
1 S106-14AWS S106-14AWS BOOT
2 S106-16WS BOOT
3 S106-7MWS BOOT
1 S206-28 BOOT
1 S206-30 NPC BOOT",,,
2026,EJH,EJH A-16 Sewer LS,Selected,"Saipan, Northern Mariana Islands",Phone:,,,,,"Job Name: EJH A-16 Sewer LS
Job Number:
Location: Saipan, Northern Mariana Islands
Contractor:
Phone:",,,
2026,EJH,EJH A-16 Sewer LS,Selected,"Saipan, Northern Mariana Islands",Phone:,,,,,Job Notes: 316 SSTL clamps,,,
2026,EJH,EJH A-16 Sewer LS,Selected,"Saipan, Northern Mariana Islands",Phone:,,,"10"" PVC C900 200",1,,S106-14AWS Boot,,
2026,EJH,EJH A-16 Sewer LS,Selected,"Saipan, Northern Mariana Islands",Phone:,,,"12"" Ductile Iron",2,,S106-16WS Boot,,
2026,EJH,EJH A-16 Sewer LS,Selected,"Saipan, Northern Mariana Islands",Phone:,,,"2"" PVC Sdr 35",3,,S106-7MWS Boot,,
2026,EJH,EJH A-16 Sewer LS,Selected,"Saipan, Northern Mariana Islands",Phone:,,,"24"" C900 DR-21",1,,S206-30 NPC Boot,,
2026,EJH,EJH A-16 Sewer LS,Selected,"Saipan, Northern Mariana Islands",Phone:,,,"24"" PVC Sdr 35",4,,28A PSX-2:DD,,
2026,EJH,EJH A-16 Sewer LS,Selected,"Saipan, Northern Mariana Islands",Phone:,,,"24"" PVC Sdr 35",1,,S206-28 Boot,,
2026,EJH,EJH A-16 Sewer LS,Selected,"Saipan, Northern Mariana Islands",Phone:,,,"6"" PVC Schd 80",1,,LS-475-S316-10,,
2026,EJH,EJH A-16 Sewer LS,Selected,"Saipan, Northern Mariana Islands",Phone:,,,"8"" PVC Sdr 35",1,,LS-475-S316-12,,
2026,EJH,EJH A-16 Sewer LS,Selected,"Saipan, Northern Mariana Islands",Phone:,,,,,Quantity Part Number Description Weight (lbs),,,
2026,EJH,EJH A-16 Sewer LS,Selected,"Saipan, Northern Mariana Islands",Phone:,,,,,"Connectors 4 28A PSX-2-DD 28A PSX-2:DD
1 LS-475-S316-10
1 LS-475-S316-12 LS-475-S316-12
1 S106-14AWS S106-14AWS BOOT
2 S106-16WS BOOT
3 S106-7MWS BOOT
1 S206-28 BOOT
1 S206-30 NPC BOOT",,,
2026,EJH,EJH A-16 Sewer LS,Selected,"Saipan, Northern Mariana Islands",Phone:,,,,,"Job Name: EJH A-16 Sewer LS
Job Number:
Location: Saipan, Northern Mariana Islands
Contractor:
Phone:",,,
2026,EJH,EJH A-16 Sewer LS,Selected,"Saipan, Northern Mariana Islands",Phone:,,,,,Job Notes: 316 SSTL clamps,,,
2026,EJH,EJH A-16 Sewer LS,Selected,"Saipan, Northern Mariana Islands",Phone:,,,"10"" PVC C900 200",1,,14M PSX:DD,,
2026,EJH,EJH A-16 Sewer LS,Selected,"Saipan, Northern Mariana Islands",Phone:,,,"12"" Ductile Iron",2,,16M PSX:DD,,
2026,EJH,EJH A-16 Sewer LS,Selected,"Saipan, Northern Mariana Islands",Phone:,,,"2"" PVC Sdr 35",3,,"8QRS STEP ""R"" PSX:DD",,
2026,EJH,EJH A-16 Sewer LS,Selected,"Saipan, Northern Mariana Islands",Phone:,,,"24"" C900 DR-21",1,,30L PSX-2:DD,,
2026,EJH,EJH A-16 Sewer LS,Selected,"Saipan, Northern Mariana Islands",Phone:,,,"24"" PVC Sdr 35",5,,28A PSX-2:DD,,
2026,EJH,EJH A-16 Sewer LS,Selected,"Saipan, Northern Mariana Islands",Phone:,,,"6"" PVC Schd 80",1,,LS-475-S316-10,,
2026,EJH,EJH A-16 Sewer LS,Selected,"Saipan, Northern Mariana Islands",Phone:,,,"8"" PVC Sdr 35",1,,LS-475-S316-12,,
2026,EJH,EJH A-16 Sewer LS,Selected,"Saipan, Northern Mariana Islands",Phone:,,,,,Quantity Part Number Description Weight (lbs),,,
2026,EJH,EJH A-16 Sewer LS,Selected,"Saipan, Northern Mariana Islands",Phone:,,,,,"Connectors 1 14M PSX:DD
2 16M PSX-DD 16M PSX:DD
5 28A PSX-2-DD 28A PSX-2:DD
1 30L PSX-2:DD
3 8QRS STEP ""R"" PSX:DD
1 LS-475-S316-10
1 LS-475-S316-12 LS-475-S316-12",,,
2026,EJI,EJI Stevens Plantation North,Selected,"St. Cloud, Florida",Phone:,,,,,"Job Name: EJI Stevens Plantation North
Job Number:
Location: St. Cloud, Florida
Osceola County
Contractor:
Phone:",,,
2026,EJI,EJI Stevens Plantation North,Selected,"St. Cloud, Florida",Phone:,,,"10"" HDPE",2,,S106-14AWS NPC Boot,,
2026,EJI,EJI Stevens Plantation North,Selected,"St. Cloud, Florida",Phone:,,,"10"" HDPE DR11",4,,S106-14AWS NPC Boot,,
2026,EJI,EJI Stevens Plantation North,Selected,"St. Cloud, Florida",Phone:,,,"4"" PVC C-900",1,,S106-8SRWS,,
2026,EJI,EJI Stevens Plantation North,Selected,"St. Cloud, Florida",Phone:,,,"6"" HDPE DR11",6,,LS-475-S316-10,,
2026,EJI,EJI Stevens Plantation North,Selected,"St. Cloud, Florida",Phone:,,,"6"" PVC Sdr 35",1,,S106-12BWS Boot,,
2026,EJI,EJI Stevens Plantation North,Selected,"St. Cloud, Florida",Phone:,,,"8"" PVC Sdr 35",16,,S406-12AWS Boot,,
2026,EJI,EJI Stevens Plantation North,Selected,"St. Cloud, Florida",Phone:,,,,,Quantity Part Number Description Weight (lbs),,,
2026,EJI,EJI Stevens Plantation North,Selected,"St. Cloud, Florida",Phone:,,,,,"Connectors 6 LS-475-S316-10
1 S106-12BWS BOOT
6 S106-14AWS S106-14AWS NPC BOOT
1 S106-8SRWS
16 S406-12AWS BOOT",,,
2026,EJI,EJI Stevens Plantation North,Selected,"St. Cloud, Florida",Phone:,,,,,"Job Name: EJI Stevens Plantation North
Job Number:
Location: St. Cloud, Florida
Osceola County
Contractor:
Phone:",,,
2026,EJI,EJI Stevens Plantation North,Selected,"St. Cloud, Florida",Phone:,,,"10"" HDPE",2,,S106-14AWS NPC Boot,,
2026,EJI,EJI Stevens Plantation North,Selected,"St. Cloud, Florida",Phone:,,,"10"" HDPE DR11",4,,S106-14AWS NPC Boot,,
2026,EJI,EJI Stevens Plantation North,Selected,"St. Cloud, Florida",Phone:,,,"4"" PVC C-900",1,,S106-8SWP-EX Boot,,
2026,EJI,EJI Stevens Plantation North,Selected,"St. Cloud, Florida",Phone:,,,"6"" HDPE DR11",6,,LS-475-S316-10,,
2026,EJI,EJI Stevens Plantation North,Selected,"St. Cloud, Florida",Phone:,,,"6"" PVC Sdr 35",1,,S106-12BWS Boot,,
2026,EJI,EJI Stevens Plantation North,Selected,"St. Cloud, Florida",Phone:,,,"8"" PVC Sdr 35",16,,S406-12AWS Boot,,
2026,EJI,EJI Stevens Plantation North,Selected,"St. Cloud, Florida",Phone:,,,,,Quantity Part Number Description Weight (lbs),,,
2026,EJI,EJI Stevens Plantation North,Selected,"St. Cloud, Florida",Phone:,,,,,"Connectors 6 LS-475-S316-10
1 S106-12BWS BOOT
6 S106-14AWS S106-14AWS NPC BOOT
1 S106-8SWP-EX BOOT
16 S406-12AWS BOOT",,,
2026,EJI,EJI Stevens Plantation North,Selected,"St. Cloud, Florida",Phone:,,,,,"Job Name: EJI Stevens Plantation North
Job Number:
Location: St. Cloud, Florida
Osceola County
Contractor:
Phone:",,,
2026,EJI,EJI Stevens Plantation North,Selected,"St. Cloud, Florida",Phone:,,,"10"" HDPE",2,,S106-14AWS NPC Boot,,
2026,EJI,EJI Stevens Plantation North,Selected,"St. Cloud, Florida",Phone:,,,"10"" HDPE DR11",4,,S106-14AWS NPC Boot,,
2026,EJI,EJI Stevens Plantation North,Selected,"St. Cloud, Florida",Phone:,,,"4"" PVC C-900",1,,S106-8SRWS,,
2026,EJI,EJI Stevens Plantation North,Selected,"St. Cloud, Florida",Phone:,,,"6"" HDPE DR11",6,,LS-475-S316-10,,
2026,EJI,EJI Stevens Plantation North,Selected,"St. Cloud, Florida",Phone:,,,"6"" PVC Sdr 35",1,,S106-12BWS Boot,,
2026,EJI,EJI Stevens Plantation North,Selected,"St. Cloud, Florida",Phone:,,,"8"" PVC Sdr 35",16,,S406-12AWS Boot,,
2026,EJI,EJI Stevens Plantation North,Selected,"St. Cloud, Florida",Phone:,,,,,Quantity Part Number Description Weight (lbs),,,
2026,EJI,EJI Stevens Plantation North,Selected,"St. Cloud, Florida",Phone:,,,,,"Connectors 6 LS-475-S316-10
1 S106-12BWS BOOT
6 S106-14AWS S106-14AWS NPC BOOT
1 S106-8SRWS
16 S406-12AWS BOOT",,,
2026,EJI,EJI Stevens Plantation North,Selected,"St. Cloud, Florida",Phone:,,,,,"Job Name: EJI Stevens Plantation North
Job Number:
Location: St. Cloud, Florida
Osceola County
Contractor:
Phone:",,,
2026,EJI,EJI Stevens Plantation North,Selected,"St. Cloud, Florida",Phone:,,,"10"" HDPE",2,,S106-14AWS NPC Boot,,
2026,EJI,EJI Stevens Plantation North,Selected,"St. Cloud, Florida",Phone:,,,"10"" HDPE DR11",4,,S106-14AWS NPC Boot,,
2026,EJI,EJI Stevens Plantation North,Selected,"St. Cloud, Florida",Phone:,,,"4"" PVC C-900",1,,S106-8SWS,,
2026,EJI,EJI Stevens Plantation North,Selected,"St. Cloud, Florida",Phone:,,,"6"" HDPE DR11",6,,LS-475-S316-10,,
2026,EJI,EJI Stevens Plantation North,Selected,"St. Cloud, Florida",Phone:,,,"6"" PVC Sdr 35",1,,S106-12BWS Boot,,
2026,EJI,EJI Stevens Plantation North,Selected,"St. Cloud, Florida",Phone:,,,"8"" PVC Sdr 35",16,,S406-12AWS Boot,,
2026,EJI,EJI Stevens Plantation North,Selected,"St. Cloud, Florida",Phone:,,,,,Quantity Part Number Description Weight (lbs),,,
2026,EJI,EJI Stevens Plantation North,Selected,"St. Cloud, Florida",Phone:,,,,,"Connectors 6 LS-475-S316-10
1 S106-12BWS BOOT
6 S106-14AWS S106-14AWS NPC BOOT
1 S106-8SWS
16 S406-12AWS BOOT",,,
2026,EJJ,EJJ Furst Ranch SS Line,Selected,"Flower Mound, TX",Phone:,,,,,"Job Name: EJJ Furst Ranch SS Line
Job Number:
Location: Flower Mound, TX
Contractor:
Phone:",,,
2026,EJJ,EJJ Furst Ranch SS Line,Selected,"Flower Mound, TX",Phone:,,,"12"" PVC Sdr 26",1,,16M PSX:DD,,
2026,EJJ,EJJ Furst Ranch SS Line,Selected,"Flower Mound, TX",Phone:,,,"15"" PVC Sdr 26",14,,20Y PSX-2:DD,,
2026,EJJ,EJJ Furst Ranch SS Line,Selected,"Flower Mound, TX",Phone:,,,"16"" C900 DR25",2,,22L PSX-2:DD,,
2026,EJJ,EJJ Furst Ranch SS Line,Selected,"Flower Mound, TX",Phone:,,,"18"" C900 DR-18",27,,24L PSX-2:DD,,
2026,EJJ,EJJ Furst Ranch SS Line,Selected,"Flower Mound, TX",Phone:,,,"8"" PVC Sdr 26",3,,12-08 PSX:DD,,
2026,EJJ,EJJ Furst Ranch SS Line,Selected,"Flower Mound, TX",Phone:,,,,,Quantity Part Number Description Weight (lbs),,,
2026,EJJ,EJJ Furst Ranch SS Line,Selected,"Flower Mound, TX",Phone:,,,,,"Connectors 3 12-08 PSX-DD 12-08 PSX:DD
1 16M PSX-DD 16M PSX:DD
14 20Y PSX-2:DD
2 22L PSX-2-DD 22L PSX-2:DD
27 24L PSX-2-DD 24L PSX-2:DD",,,
2026,EJK,EJK Turnberry Estates,Selected,"St.George, UT",Phone:,,,,,"Job Name: EJK Turnberry Estates
Job Number:
Location: St.George, UT
Contractor:
Phone:",,,
2026,EJK,EJK Turnberry Estates,Selected,"St.George, UT",Phone:,,,"8"" PVC Sdr 35",14,,In 60 IN CIP Base,,
2026,EJK,EJK Turnberry Estates,Selected,"St.George, UT",Phone:,,,,,Quantity Part Number Description Weight (lbs),,,
2026,EJL,EJL Montecito LS (ROUND),Selected,"Pace, FL",Phone:,,,,,"Job Name: EJL Montecito LS (ROUND)
Job Number:
Location: Pace, FL
Contractor:
Phone:",,,
2026,EJL,EJL Montecito LS (ROUND),Selected,"Pace, FL",Phone:,,,10 SS-316 Sch10,3,,LS-475-S316-14,,
2026,EJL,EJL Montecito LS (ROUND),Selected,"Pace, FL",Phone:,,,"10"" PVC Schd 40",1,,14M PSX:DD,,
2026,EJL,EJL Montecito LS (ROUND),Selected,"Pace, FL",Phone:,,,"12"" PVC C-900",2,,16M PSX:DD,,
2026,EJL,EJL Montecito LS (ROUND),Selected,"Pace, FL",Phone:,,,"24"" PVC Sdr 26",2,,28A PSX-2:DD,,
2026,EJL,EJL Montecito LS (ROUND),Selected,"Pace, FL",Phone:,,,"3"" PVC Schd 40",1,,8QRS PSX:DD,,
2026,EJL,EJL Montecito LS (ROUND),Selected,"Pace, FL",Phone:,,,"30"" PVC Sdr 26",2,,36A PSX-2:DD,,
2026,EJL,EJL Montecito LS (ROUND),Selected,"Pace, FL",Phone:,,,,,Quantity Part Number Description Weight (lbs),,,
2026,EJL,EJL Montecito LS (ROUND),Selected,"Pace, FL",Phone:,,,,,"Connectors 1 14M PSX:DD
2 16M PSX-DD 16M PSX:DD
2 28A PSX-2-DD 28A PSX-2:DD
2 36A PSX-2-DD 36A PSX-2:DD
1 8QRS PSX-DD 8QRS PSX:DD
3 LS-475-S316-14",,,
2026,EJM,EJM Indian Street Sewer Crossing,Selected,"24490 Sunnymead Blvd. Moreno Valley, CA 92553",Phone:,,,,,"Job Name: EJM Indian Street Sewer Crossing
Job Number:
Location: 24490 Sunnymead Blvd. Moreno Valley, CA 92553
Contractor:
Phone:",,,
2026,EJM,EJM Indian Street Sewer Crossing,Selected,"24490 Sunnymead Blvd. Moreno Valley, CA 92553",Phone:,,,,,"Job Notes: VERIFY RING/COVER
VERIFY PIPE TYPES AND CLASS",,,
2026,EJM,EJM Indian Street Sewer Crossing,Selected,"24490 Sunnymead Blvd. Moreno Valley, CA 92553",Phone:,,,"15"" Vitrified Clay",10,,S206-22 Boot,,
2026,EJM,EJM Indian Street Sewer Crossing,Selected,"24490 Sunnymead Blvd. Moreno Valley, CA 92553",Phone:,,,16 HDPE DR17,2,,S206-20 Boot,,
2026,EJM,EJM Indian Street Sewer Crossing,Selected,"24490 Sunnymead Blvd. Moreno Valley, CA 92553",Phone:,,,"8"" Vitrified Clay",3,,S106-14AWS Boot,,
2026,EJM,EJM Indian Street Sewer Crossing,Selected,"24490 Sunnymead Blvd. Moreno Valley, CA 92553",Phone:,,,,,Quantity Part Number Description Weight (lbs),,,
2026,EJM,EJM Indian Street Sewer Crossing,Selected,"24490 Sunnymead Blvd. Moreno Valley, CA 92553",Phone:,,,,,"Connectors 3 S106-14AWS S106-14AWS BOOT
2 S206-20 S206-20 BOOT
10 S206-22 BOOT",,,
2026,EJN,EJN Lots 12 & 13 - Stoneridge Estates,Selected,"Scottsdale,AZ",Phone:,,,,,"Job Name: EJN Lots 12 & 13 - Stoneridge Estates
Job Number:
Location: Scottsdale,AZ
Contractor:
Phone:",,,
2026,EJN,EJN Lots 12 & 13 - Stoneridge Estates,Selected,"Scottsdale,AZ",Phone:,,,"8"" PVC Sdr 35",3,,Cast-a-Seal 603-08,,
2026,EJN,EJN Lots 12 & 13 - Stoneridge Estates,Selected,"Scottsdale,AZ",Phone:,,,,,Quantity Part Number Description Weight (lbs),,,
2026,EJN,EJN Lots 12 & 13 - Stoneridge Estates,Selected,"Scottsdale,AZ",Phone:,,,,,Connectors 3 CAST-A-SEAL 603-08 CAST-A-SEAL 603-08,,,
2026,EJO,EJO Hilliard Isle PUD Ph 1,Selected,"Kissimmee, FL",Phone:,,,,,"Job Name: EJO Hilliard Isle PUD Ph 1
Job Number:
Location: Kissimmee, FL
Contractor:
Phone:",,,
2026,EJO,EJO Hilliard Isle PUD Ph 1,Selected,"Kissimmee, FL",Phone:,,,"8"" PVC Sdr 35",4,,S406-12AWS Boot,,
2026,EJO,EJO Hilliard Isle PUD Ph 1,Selected,"Kissimmee, FL",Phone:,,,,,Quantity Part Number Description Weight (lbs),,,
2026,EJO,EJO Hilliard Isle PUD Ph 1,Selected,"Kissimmee, FL",Phone:,,,,,Connectors 4 S406-12AWS BOOT,,,
2026,EJO,EJO Hilliard Isle PUD Ph 1,Selected,"Kissimmee, FL",Phone:,,,,,"Job Name: EJO Hilliard Isle PUD Ph 1
Job Number:
Location: Kissimmee, FL
Contractor:
Phone:",,,
2026,EJO,EJO Hilliard Isle PUD Ph 1,Selected,"Kissimmee, FL",Phone:,,,"10"" HDPE DR11",4,,S106-14AWS NPC Boot,,
2026,EJO,EJO Hilliard Isle PUD Ph 1,Selected,"Kissimmee, FL",Phone:,,,"12"" PVC Sdr 35",4,,S106-16AWS Boot,,
2026,EJO,EJO Hilliard Isle PUD Ph 1,Selected,"Kissimmee, FL",Phone:,,,14 HDPE DR11,2,,S106-16WS NPC Boot,,
2026,EJO,EJO Hilliard Isle PUD Ph 1,Selected,"Kissimmee, FL",Phone:,,,4 C900 DR25,1,,S106-8SRWS Boot,,
2026,EJO,EJO Hilliard Isle PUD Ph 1,Selected,"Kissimmee, FL",Phone:,,,"6"" HDPE DR11",2,,S406-12CWS Boot,,
2026,EJO,EJO Hilliard Isle PUD Ph 1,Selected,"Kissimmee, FL",Phone:,,,"6"" PVC Sdr 35",2,,S106-12BWS Boot,,
2026,EJO,EJO Hilliard Isle PUD Ph 1,Selected,"Kissimmee, FL",Phone:,,,"8"" PVC Sdr 35",32,,S406-12AWS Boot,,
2026,EJO,EJO Hilliard Isle PUD Ph 1,Selected,"Kissimmee, FL",Phone:,,,,,Quantity Part Number Description Weight (lbs),,,
2026,EJO,EJO Hilliard Isle PUD Ph 1,Selected,"Kissimmee, FL",Phone:,,,,,"Connectors 2 S106-12BWS BOOT
4 S106-14AWS S106-14AWS NPC BOOT
4 S106-16AWS S106-16AWS BOOT
2 S106-16WS S106-16WS NPC BOOT
1 S106-8SRWS BOOT
32 S406-12AWS BOOT
2 S406-12CWS BOOT",,,
2026,EJO,EJO Hilliard Isle PUD Ph 1,Selected,"Kissimmee, FL",Phone:,,,,,"Job Name: EJO Hilliard Isle PUD Ph 1
Job Number:
Location: Kissimmee, FL
Contractor:
Phone:",,,
2026,EJO,EJO Hilliard Isle PUD Ph 1,Selected,"Kissimmee, FL",Phone:,,,"10"" HDPE DR11",4,,S106-14AWS NPC Boot,,
2026,EJO,EJO Hilliard Isle PUD Ph 1,Selected,"Kissimmee, FL",Phone:,,,"12"" PVC Sdr 35",4,,S106-16AWS Boot,,
2026,EJO,EJO Hilliard Isle PUD Ph 1,Selected,"Kissimmee, FL",Phone:,,,14 HDPE DR11,2,,S106-16WS NPC Boot,,
2026,EJO,EJO Hilliard Isle PUD Ph 1,Selected,"Kissimmee, FL",Phone:,,,4 C900 DR25,1,,S106-8SWS Boot,,
2026,EJO,EJO Hilliard Isle PUD Ph 1,Selected,"Kissimmee, FL",Phone:,,,"6"" HDPE DR11",2,,S406-11BWS Boot,,
2026,EJO,EJO Hilliard Isle PUD Ph 1,Selected,"Kissimmee, FL",Phone:,,,"6"" PVC Sdr 35",2,,S106-12BWS Boot,,
2026,EJO,EJO Hilliard Isle PUD Ph 1,Selected,"Kissimmee, FL",Phone:,,,"8"" PVC Sdr 35",32,,S406-12AWS Boot,,
2026,EJO,EJO Hilliard Isle PUD Ph 1,Selected,"Kissimmee, FL",Phone:,,,,,Quantity Part Number Description Weight (lbs),,,
2026,EJO,EJO Hilliard Isle PUD Ph 1,Selected,"Kissimmee, FL",Phone:,,,,,"Connectors 2 S106-12BWS BOOT
4 S106-14AWS S106-14AWS NPC BOOT
4 S106-16AWS S106-16AWS BOOT
2 S106-16WS S106-16WS NPC BOOT
1 S106-8SWS S106-8SWS BOOT
2 S406-11BWS BOOT
32 S406-12AWS BOOT",,,
2026,EJP,EJP Simpson Crossings Multifamily,Selected,"Kissimmee, FL",Phone:,,,,,"Job Name: EJP Simpson Crossings Multifamily
Job Number:
Location: Kissimmee, FL
Osceola County
Contractor:
Phone:",,,
2026,EJP,EJP Simpson Crossings Multifamily,Selected,"Kissimmee, FL",Phone:,,,"10"" HDPE DR11",2,,S106-14AWS NPC Boot,,
2026,EJP,EJP Simpson Crossings Multifamily,Selected,"Kissimmee, FL",Phone:,,,4 HDPE DR11,4,,LS-300-S316-10,,
2026,EJP,EJP Simpson Crossings Multifamily,Selected,"Kissimmee, FL",Phone:,,,"8"" PVC Sdr 35",11,,S406-12AWS Boot,,
2026,EJP,EJP Simpson Crossings Multifamily,Selected,"Kissimmee, FL",Phone:,,,,,Quantity Part Number Description Weight (lbs),,,
2026,EJP,EJP Simpson Crossings Multifamily,Selected,"Kissimmee, FL",Phone:,,,,,"Connectors 4 LS-300-S316-10
2 S106-14AWS S106-14AWS NPC BOOT
11 S406-12AWS BOOT",,,
2026,EJQ,EJQ City of Bradenton / LS03,,"Bradenton, Florida",Phone:,,,,,"Job Name:
EJQ City of Bradenton / LS03
Job Number:
Location: Bradenton, Florida
Contractor:
Phone:",,,
2026,EJQ,EJQ City of Bradenton / LS03,,"Bradenton, Florida",Phone:,,,"12"" PVC Sdr 26",1,,Cast-a-Seal 603-12,,
2026,EJQ,EJQ City of Bradenton / LS03,,"Bradenton, Florida",Phone:,,,"15"" PVC Sdr 26",1,,Cast-a-Seal 603-15,,
2026,EJQ,EJQ City of Bradenton / LS03,,"Bradenton, Florida",Phone:,,,"15"" PVC Sdr 26",1,,"Encase 15"" Elbow",,
2026,EJQ,EJQ City of Bradenton / LS03,,"Bradenton, Florida",Phone:,,,"18"" PVC PS115",2,,DogHouse,,
2026,EJQ,EJQ City of Bradenton / LS03,,"Bradenton, Florida",Phone:,,,"18"" PVC Sdr 26",1,,Cast-a-Seal 603-18,,
2026,EJQ,EJQ City of Bradenton / LS03,,"Bradenton, Florida",Phone:,,,"18"" PVC Sdr 26",1,,LS-475-S316-24,,
2026,EJQ,EJQ City of Bradenton / LS03,,"Bradenton, Florida",Phone:,,,"6"" PVC C900 100",1,,Cast-a-Seal 402-06,,
2026,EJQ,EJQ City of Bradenton / LS03,,"Bradenton, Florida",Phone:,,,,,Quantity Part Number Description Weight (lbs),,,
2026,EJQ,EJQ City of Bradenton / LS03,,"Bradenton, Florida",Phone:,,,,,"Connectors 1 CAST-A-SEAL 402-06
1 CAST-A-SEAL 603-12 CAST-A-SEAL 603-12
2 CAST-A-SEAL 603-15
1 CAST-A-SEAL 603-18 CAST-A-SEAL 603-18
1 LS-475-S316-24",,,
2026,EJQ,EJQ City of Bradenton / LS03,,"Bradenton, Florida",Phone:,,,,,"Job Name:
EJQ City of Bradenton / LS03
Job Number:
Location: Bradenton, Florida
Contractor:
Phone:",,,
2026,EJQ,EJQ City of Bradenton / LS03,,"Bradenton, Florida",Phone:,,,"12"" PVC Sdr 26",1,,Cast-a-Seal 603-12,,
2026,EJQ,EJQ City of Bradenton / LS03,,"Bradenton, Florida",Phone:,,,"15"" PVC Sdr 26",1,,Cast-a-Seal 603-15,,
2026,EJQ,EJQ City of Bradenton / LS03,,"Bradenton, Florida",Phone:,,,"15"" PVC Sdr 26",1,,"Encase 15"" Elbow",,
2026,EJQ,EJQ City of Bradenton / LS03,,"Bradenton, Florida",Phone:,,,"18"" PVC PS115",2,,DogHouse,,
2026,EJQ,EJQ City of Bradenton / LS03,,"Bradenton, Florida",Phone:,,,"18"" PVC Sdr 26",1,,Cast-a-Seal 603-18,,
2026,EJQ,EJQ City of Bradenton / LS03,,"Bradenton, Florida",Phone:,,,"18"" PVC Sdr 26",1,,LS-475-S316-24,,
2026,EJQ,EJQ City of Bradenton / LS03,,"Bradenton, Florida",Phone:,,,"6"" PVC C900 100",1,,Cast-a-Seal 402-06,,
2026,EJQ,EJQ City of Bradenton / LS03,,"Bradenton, Florida",Phone:,,,,,Quantity Part Number Description Weight (lbs),,,
2026,EJQ,EJQ City of Bradenton / LS03,,"Bradenton, Florida",Phone:,,,,,"Connectors 1 CAST-A-SEAL 402-06
1 CAST-A-SEAL 603-12 CAST-A-SEAL 603-12
2 CAST-A-SEAL 603-15
1 CAST-A-SEAL 603-18 CAST-A-SEAL 603-18
1 LS-475-S316-24",,,
2026,EJQ,EJQ City of Bradenton / LS03,,"Bradenton, Florida",Phone:,,,,,"Job Name:
EJQ City of Bradenton / LS03
Job Number:
Location: Bradenton, Florida
Contractor:
Phone:",,,
2026,EJQ,EJQ City of Bradenton / LS03,,"Bradenton, Florida",Phone:,,,"12"" PVC Sdr 26",1,,Cast-a-Seal 603-12,,
2026,EJQ,EJQ City of Bradenton / LS03,,"Bradenton, Florida",Phone:,,,"15"" PVC Sdr 26",1,,Cast-a-Seal 603-15,,
2026,EJQ,EJQ City of Bradenton / LS03,,"Bradenton, Florida",Phone:,,,"15"" PVC Sdr 26",1,,"Encase 15"" Elbow",,
2026,EJQ,EJQ City of Bradenton / LS03,,"Bradenton, Florida",Phone:,,,"18"" PVC PS115",2,,DogHouse,,
2026,EJQ,EJQ City of Bradenton / LS03,,"Bradenton, Florida",Phone:,,,"18"" PVC Sdr 26",1,,Cast-a-Seal 603-18,,
2026,EJQ,EJQ City of Bradenton / LS03,,"Bradenton, Florida",Phone:,,,"18"" PVC Sdr 26",1,,LS-475-S316-24,,
2026,EJQ,EJQ City of Bradenton / LS03,,"Bradenton, Florida",Phone:,,,"6"" PVC C900 100",1,,Cast-a-Seal 402-06,,
2026,EJQ,EJQ City of Bradenton / LS03,,"Bradenton, Florida",Phone:,,,,,Quantity Part Number Description Weight (lbs),,,
2026,EJQ,EJQ City of Bradenton / LS03,,"Bradenton, Florida",Phone:,,,,,"Connectors 1 CAST-A-SEAL 402-06
1 CAST-A-SEAL 603-12 CAST-A-SEAL 603-12
2 CAST-A-SEAL 603-15
1 CAST-A-SEAL 603-18 CAST-A-SEAL 603-18
1 LS-475-S316-24",,,
2026,EJQ,EJQ City of Bradenton / LS03,,"Bradenton, Florida",Phone:,,,,,"Job Name:
EJQ City of Bradenton / LS03
Job Number:
Location: Bradenton, Florida
Contractor:
Phone:",,,
2026,EJQ,EJQ City of Bradenton / LS03,,"Bradenton, Florida",Phone:,,,"12"" PVC Sdr 26",1,,Cast-a-Seal 603-12,,
2026,EJQ,EJQ City of Bradenton / LS03,,"Bradenton, Florida",Phone:,,,"15"" PVC Sdr 26",1,,Cast-a-Seal 603-15,,
2026,EJQ,EJQ City of Bradenton / LS03,,"Bradenton, Florida",Phone:,,,"15"" PVC Sdr 26",1,,"Encase 15"" Elbow",,
2026,EJQ,EJQ City of Bradenton / LS03,,"Bradenton, Florida",Phone:,,,"18"" PVC PS115",2,,DogHouse,,
2026,EJQ,EJQ City of Bradenton / LS03,,"Bradenton, Florida",Phone:,,,"18"" PVC Sdr 26",2,,Cast-a-Seal 603-18,,
2026,EJQ,EJQ City of Bradenton / LS03,,"Bradenton, Florida",Phone:,,,"6"" PVC C900 100",1,,Cast-a-Seal 402-06,,
2026,EJQ,EJQ City of Bradenton / LS03,,"Bradenton, Florida",Phone:,,,,,Quantity Part Number Description Weight (lbs),,,
2026,EJQ,EJQ City of Bradenton / LS03,,"Bradenton, Florida",Phone:,,,,,"Connectors 1 CAST-A-SEAL 402-06
1 CAST-A-SEAL 603-12 CAST-A-SEAL 603-12
2 CAST-A-SEAL 603-15
2 CAST-A-SEAL 603-18 CAST-A-SEAL 603-18",,,
2026,EJQ,EJQ City of Bradenton / LS03,,"Bradenton, Florida",Phone:,,,,,"Job Name:
EJQ City of Bradenton / LS03
Job Number:
Location: Bradenton, Florida
Contractor:
Phone:",,,
2026,EJQ,EJQ City of Bradenton / LS03,,"Bradenton, Florida",Phone:,,,"12"" PVC Sdr 26",1,,Cast-a-Seal 603-12,,
2026,EJQ,EJQ City of Bradenton / LS03,,"Bradenton, Florida",Phone:,,,"15"" PVC Sdr 26",1,,Cast-a-Seal 603-15,,
2026,EJQ,EJQ City of Bradenton / LS03,,"Bradenton, Florida",Phone:,,,"15"" PVC Sdr 26",1,,"Encase 15"" Elbow",,
2026,EJQ,EJQ City of Bradenton / LS03,,"Bradenton, Florida",Phone:,,,"18"" PVC PS115",2,,DogHouse,,
2026,EJQ,EJQ City of Bradenton / LS03,,"Bradenton, Florida",Phone:,,,"18"" PVC Sdr 26",2,,Cast-a-Seal 603-18,,
2026,EJQ,EJQ City of Bradenton / LS03,,"Bradenton, Florida",Phone:,,,"6"" PVC C900 100",1,,Cast-a-Seal 402-06,,
2026,EJQ,EJQ City of Bradenton / LS03,,"Bradenton, Florida",Phone:,,,,,Quantity Part Number Description Weight (lbs),,,
2026,EJQ,EJQ City of Bradenton / LS03,,"Bradenton, Florida",Phone:,,,,,"Connectors 1 CAST-A-SEAL 402-06
1 CAST-A-SEAL 603-12 CAST-A-SEAL 603-12
2 CAST-A-SEAL 603-15
2 CAST-A-SEAL 603-18 CAST-A-SEAL 603-18",,,
2026,EJQ,EJQ City of Bradenton / LS03,,"Bradenton, Florida",Phone:,,,,,"Job Name:
EJQ City of Bradenton / LS03
Job Number:
Location: Bradenton, Florida
Contractor:
Phone:",,,
2026,EJQ,EJQ City of Bradenton / LS03,,"Bradenton, Florida",Phone:,,,"12"" PVC Sdr 26",1,,Cast-a-Seal 603-12,,
2026,EJQ,EJQ City of Bradenton / LS03,,"Bradenton, Florida",Phone:,,,"15"" PVC Sdr 26",1,,Cast-a-Seal 603-15,,
2026,EJQ,EJQ City of Bradenton / LS03,,"Bradenton, Florida",Phone:,,,"15"" PVC Sdr 26",1,,"Encase 15"" Elbow",,
2026,EJQ,EJQ City of Bradenton / LS03,,"Bradenton, Florida",Phone:,,,"18"" PVC PS115",2,,DogHouse,,
2026,EJQ,EJQ City of Bradenton / LS03,,"Bradenton, Florida",Phone:,,,"18"" PVC Sdr 26",2,,Cast-a-Seal 603-18,,
2026,EJQ,EJQ City of Bradenton / LS03,,"Bradenton, Florida",Phone:,,,"6"" PVC C900 100",1,,Cast-a-Seal 402-06,,
2026,EJQ,EJQ City of Bradenton / LS03,,"Bradenton, Florida",Phone:,,,,,Quantity Part Number Description Weight (lbs),,,
2026,EJQ,EJQ City of Bradenton / LS03,,"Bradenton, Florida",Phone:,,,,,"Connectors 1 CAST-A-SEAL 402-06
1 CAST-A-SEAL 603-12 CAST-A-SEAL 603-12
2 CAST-A-SEAL 603-15
2 CAST-A-SEAL 603-18 CAST-A-SEAL 603-18",,,
2026,EJR,EJR Pea Landing Tract,Selected,"Ash, NC",Phone:,,,,,"Job Name: EJR Pea Landing Tract
Job Number:
Location: Ash, NC
Brunswick County
Contractor:
Phone:",,,
2026,EJR,EJR Pea Landing Tract,Selected,"Ash, NC",Phone:,,,"2"" PVC Sdr 35",1,,8QRS PSX:DD,,
2026,EJR,EJR Pea Landing Tract,Selected,"Ash, NC",Phone:,,,"4"" PVC Schd 80",1,,8QRS PSX:DD,,
2026,EJR,EJR Pea Landing Tract,Selected,"Ash, NC",Phone:,,,"6"" Ductile Iron",1,,LS-410-S316-10,,
2026,EJR,EJR Pea Landing Tract,Selected,"Ash, NC",Phone:,,,"6"" Ductile Iron",2,,12-06 PSX:DD,,
2026,EJR,EJR Pea Landing Tract,Selected,"Ash, NC",Phone:,,,8 Hole,1,,Mortar,,
2026,EJR,EJR Pea Landing Tract,Selected,"Ash, NC",Phone:,,,8 PVC C900 DR-18,3,,12M PSX:DD,,
2026,EJR,EJR Pea Landing Tract,Selected,"Ash, NC",Phone:,,,"8"" PVC Sdr 35",2,,12-08 PSX:DD,,
2026,EJR,EJR Pea Landing Tract,Selected,"Ash, NC",Phone:,,,,,Quantity Part Number Description Weight (lbs),,,
2026,EJR,EJR Pea Landing Tract,Selected,"Ash, NC",Phone:,,,,,"Connectors 2 12-06 PSX-DD 12-06 PSX:DD
2 12-08 PSX-DD 12-08 PSX:DD
3 12M PSX:DD
2 8QRS PSX-DD 8QRS PSX:DD
1 LS-410-S316-10",,,
2026,EJR,EJR Pea Landing Tract,Selected,"Ash, NC",Phone:,,,,,"Job Name: EJR Pea Landing Tract
Job Number:
Location: Ash, NC
Brunswick County
Contractor:
Phone:",,,
2026,EJR,EJR Pea Landing Tract,Selected,"Ash, NC",Phone:,,,"2"" PVC Sdr 35",1,,8QRS PSX:DD,,
2026,EJR,EJR Pea Landing Tract,Selected,"Ash, NC",Phone:,,,"4"" PVC Schd 80",1,,8QRS PSX:DD,,
2026,EJR,EJR Pea Landing Tract,Selected,"Ash, NC",Phone:,,,"6"" Ductile Iron",1,,LS-410-S316-10,,
2026,EJR,EJR Pea Landing Tract,Selected,"Ash, NC",Phone:,,,"6"" Ductile Iron",2,,12-06 PSX:DD,,
2026,EJR,EJR Pea Landing Tract,Selected,"Ash, NC",Phone:,,,8 Hole,1,,Mortar,,
2026,EJR,EJR Pea Landing Tract,Selected,"Ash, NC",Phone:,,,8 PVC C900 DR-18,3,,12M PSX:DD,,
2026,EJR,EJR Pea Landing Tract,Selected,"Ash, NC",Phone:,,,"8"" PVC Sdr 35",2,,12-08 PSX:DD,,
2026,EJR,EJR Pea Landing Tract,Selected,"Ash, NC",Phone:,,,,,Quantity Part Number Description Weight (lbs),,,
2026,EJR,EJR Pea Landing Tract,Selected,"Ash, NC",Phone:,,,,,"Connectors 2 12-06 PSX-DD 12-06 PSX:DD
2 12-08 PSX-DD 12-08 PSX:DD
3 12M PSX:DD
2 8QRS PSX-DD 8QRS PSX:DD
1 LS-410-S316-10",,,
2026,EJR,EJR Pea Landing Tract,Selected,"Ash, NC",Phone:,,,,,"Job Name: EJR Pea Landing Tract
Job Number:
Location: Ash, NC
Brunswick County
Contractor:
Phone:",,,
2026,EJR,EJR Pea Landing Tract,Selected,"Ash, NC",Phone:,,,"2"" PVC Sdr 35",1,,8QRS PSX:DD,,
2026,EJR,EJR Pea Landing Tract,Selected,"Ash, NC",Phone:,,,"4"" PVC Schd 80",1,,8QRS PSX:DD,,
2026,EJR,EJR Pea Landing Tract,Selected,"Ash, NC",Phone:,,,"6"" Ductile Iron",1,,LS-410-S316-10,,
2026,EJR,EJR Pea Landing Tract,Selected,"Ash, NC",Phone:,,,"6"" Ductile Iron",2,,12-06 PSX:DD,,
2026,EJR,EJR Pea Landing Tract,Selected,"Ash, NC",Phone:,,,8 Hole,1,,Mortar,,
2026,EJR,EJR Pea Landing Tract,Selected,"Ash, NC",Phone:,,,8 PVC C900 DR-18,3,,12M PSX:DD,,
2026,EJR,EJR Pea Landing Tract,Selected,"Ash, NC",Phone:,,,"8"" PVC Sdr 35",2,,12-08 PSX:DD,,
2026,EJR,EJR Pea Landing Tract,Selected,"Ash, NC",Phone:,,,,,Quantity Part Number Description Weight (lbs),,,
2026,EJR,EJR Pea Landing Tract,Selected,"Ash, NC",Phone:,,,,,"Connectors 2 12-06 PSX-DD 12-06 PSX:DD
2 12-08 PSX-DD 12-08 PSX:DD
3 12M PSX:DD
2 8QRS PSX-DD 8QRS PSX:DD
1 LS-410-S316-10",,,
2026,EJS,EJS Oasis Church Expansion,Selected,"Bradenton, FL",Phone:,,,,,"Job Name: EJS Oasis Church Expansion
Job Number:
Location: Bradenton, FL
Manatee County
Contractor:
Phone:",,,
2026,EJS,EJS Oasis Church Expansion,Selected,"Bradenton, FL",Phone:,,,"8"" PVC Sdr 26",7,,Cast-a-Seal 603-08,,
2026,EJS,EJS Oasis Church Expansion,Selected,"Bradenton, FL",Phone:,,,,,Quantity Part Number Description Weight (lbs),,,
2026,EJS,EJS Oasis Church Expansion,Selected,"Bradenton, FL",Phone:,,,,,Connectors 7 CAST-A-SEAL 603-08 CAST-A-SEAL 603-08,,,
2026,EJT,EJT PALM BAY FLIP OPP,Selected,"Palm Bay, Florida",Phone:,,,,,"Job Name: EJT PALM BAY FLIP OPP
Job Number:
Location: Palm Bay, Florida
Contractor:
Phone:",,,
2026,EJT,EJT PALM BAY FLIP OPP,Selected,"Palm Bay, Florida",Phone:,,,,,"Job Notes:
Please confirm pipe type and angles.",,,
2026,EJT,EJT PALM BAY FLIP OPP,Selected,"Palm Bay, Florida",Phone:,,,"8"" PVC Sdr 35",9,,12-08 PSX:DD,,
2026,EJT,EJT PALM BAY FLIP OPP,Selected,"Palm Bay, Florida",Phone:,,,,,Quantity Part Number Description Weight (lbs),,,
2026,EJT,EJT PALM BAY FLIP OPP,Selected,"Palm Bay, Florida",Phone:,,,,,Connectors 9 12-08 PSX-DD 12-08 PSX:DD,,,
2026,EJU,EJU 2023 Sewer Main Replacement Project 2,(Bypass MHs)-Selected,"San Antonio,TX",Phone:,,,,,"Job Name: EJU 2023 Sewer Main Replacement Project 2
(Bypass MHs)
Job Number:
Location: San Antonio,TX
Contractor:
Phone:",,,
2026,EJU,EJU 2023 Sewer Main Replacement Project 2,(Bypass MHs)-Selected,"San Antonio,TX",Phone:,,,"18"" RCP B",1,,In 48 IN CIP Base,,
2026,EJU,EJU 2023 Sewer Main Replacement Project 2,(Bypass MHs)-Selected,"San Antonio,TX",Phone:,,,"54"" RCP C",4,,In 48 IN CIP Base,,
2026,EJU,EJU 2023 Sewer Main Replacement Project 2,(Bypass MHs)-Selected,"San Antonio,TX",Phone:,,,"60"" RCP C",2,,In 48 IN CIP Base,,
2026,EJU,EJU 2023 Sewer Main Replacement Project 2,(Bypass MHs)-Selected,"San Antonio,TX",Phone:,,,,,Quantity Part Number Description Weight (lbs),,,
2026,EJU,EJU 2023 Sewer Main Replacement Project 2,(Bypass MHs)-Selected,"San Antonio,TX",Phone:,,,,,"Job Name: EJU 2023 Sewer Main Replacement Project 2
(Bypass MHs)
Job Number:
Location: San Antonio,TX
Contractor:
Phone:",,,
2026,EJU,EJU 2023 Sewer Main Replacement Project 2,(Bypass MHs)-Selected,"San Antonio,TX",Phone:,,,"54"" RCP C",3,,In 48 IN CIP Base,,
2026,EJU,EJU 2023 Sewer Main Replacement Project 2,(Bypass MHs)-Selected,"San Antonio,TX",Phone:,,,"60"" RCP C",1,,In 48 IN CIP Base,,
2026,EJU,EJU 2023 Sewer Main Replacement Project 2,(Bypass MHs)-Selected,"San Antonio,TX",Phone:,,,"72"" RCP C",4,,In 48 IN CIP Base,,
2026,EJU,EJU 2023 Sewer Main Replacement Project 2,(Bypass MHs)-Selected,"San Antonio,TX",Phone:,,,"8"" PVC Sdr 26",1,,S106-12AWS Boot,,
2026,EJU,EJU 2023 Sewer Main Replacement Project 2,(Bypass MHs)-Selected,"San Antonio,TX",Phone:,,,,,Quantity Part Number Description Weight (lbs),,,
2026,EJU,EJU 2023 Sewer Main Replacement Project 2,(Bypass MHs)-Selected,"San Antonio,TX",Phone:,,,,,Connectors 1 S106-12AWS S106-12AWS BOOT,,,
2026,EJU,EJU 2023 Sewer Main Replacement Project 2,(Bypass MHs)-Selected,"San Antonio,TX",Phone:,,,,,"Job Name: EJU 2023 Sewer Main Replacement Project 2
(Bypass MHs)
Job Number:
Location: San Antonio,TX
Contractor:
Phone:",,,
2026,EJU,EJU 2023 Sewer Main Replacement Project 2,(Bypass MHs)-Selected,"San Antonio,TX",Phone:,,,"18"" RCP B",1,,In 48 IN CIP Base,,
2026,EJU,EJU 2023 Sewer Main Replacement Project 2,(Bypass MHs)-Selected,"San Antonio,TX",Phone:,,,"24"" RCP B",2,,In 48 IN CIP Base,,
2026,EJU,EJU 2023 Sewer Main Replacement Project 2,(Bypass MHs)-Selected,"San Antonio,TX",Phone:,,,"4"" PVC Schd 80",1,,S106-7MWS Boot,,
2026,EJU,EJU 2023 Sewer Main Replacement Project 2,(Bypass MHs)-Selected,"San Antonio,TX",Phone:,,,"4"" PVC Sdr 26",1,,In 48 IN CIP Base,,
2026,EJU,EJU 2023 Sewer Main Replacement Project 2,(Bypass MHs)-Selected,"San Antonio,TX",Phone:,,,"54"" RCP C",4,,In 48 IN CIP Base,,
2026,EJU,EJU 2023 Sewer Main Replacement Project 2,(Bypass MHs)-Selected,"San Antonio,TX",Phone:,,,"60"" RCP C",2,,In 48 IN CIP Base,,
2026,EJU,EJU 2023 Sewer Main Replacement Project 2,(Bypass MHs)-Selected,"San Antonio,TX",Phone:,,,"72"" RCP C",8,,In 48 IN CIP Base,,
2026,EJU,EJU 2023 Sewer Main Replacement Project 2,(Bypass MHs)-Selected,"San Antonio,TX",Phone:,,,"8"" PVC Sdr 26",2,,S106-12AWS Boot,,
2026,EJU,EJU 2023 Sewer Main Replacement Project 2,(Bypass MHs)-Selected,"San Antonio,TX",Phone:,,,,,Quantity Part Number Description Weight (lbs),,,
2026,EJU,EJU 2023 Sewer Main Replacement Project 2,(Bypass MHs)-Selected,"San Antonio,TX",Phone:,,,,,"Connectors 2 S106-12AWS S106-12AWS BOOT
1 S106-7MWS BOOT",,,
2026,EJU,EJU 2023 Sewer Main Replacement Project 2,(Bypass MHs)-Selected,"San Antonio,TX",Phone:,,,,,"Job Name: EJU 2023 Sewer Main Replacement Project 2
(Bypass MHs)
Job Number:
Location: San Antonio,TX
Contractor:
Phone:",,,
2026,EJU,EJU 2023 Sewer Main Replacement Project 2,(Bypass MHs)-Selected,"San Antonio,TX",Phone:,,,"18"" RCP B",1,,In 48 IN CIP Base,,
2026,EJU,EJU 2023 Sewer Main Replacement Project 2,(Bypass MHs)-Selected,"San Antonio,TX",Phone:,,,"54"" RCP C",4,,In 48 IN CIP Base,,
2026,EJU,EJU 2023 Sewer Main Replacement Project 2,(Bypass MHs)-Selected,"San Antonio,TX",Phone:,,,"60"" RCP C",2,,In 48 IN CIP Base,,
2026,EJU,EJU 2023 Sewer Main Replacement Project 2,(Bypass MHs)-Selected,"San Antonio,TX",Phone:,,,,,Quantity Part Number Description Weight (lbs),,,
2024,EJV,DRM 11.13.24 Price Road 66” Rehab (Insert Material),,"Chandler, AZ",All Bidders,,,,,"Job Name: DRM 11.13.24 Price Road 66” Rehab (Insert Material)
96"" Reduced Option
Job Number: AZ2402
Location: Chandler, AZ
Maricopa County
Contractor: All Bidders
Phone:",,,
2024,EJV,DRM 11.13.24 Price Road 66” Rehab (Insert Material),,"Chandler, AZ",All Bidders,,,"36"" RCP C",2,,In 60 IN CIP Base,,
2024,EJV,DRM 11.13.24 Price Road 66” Rehab (Insert Material),,"Chandler, AZ",All Bidders,,,66 HOBAS,2,,S206-74,,
2024,EJV,DRM 11.13.24 Price Road 66” Rehab (Insert Material),,"Chandler, AZ",All Bidders,,,,,Quantity Part Number Description Weight (lbs),,,
2024,EJV,DRM 11.13.24 Price Road 66” Rehab (Insert Material),,"Chandler, AZ",All Bidders,,,,,Connectors 2 S206-74,,,
2024,EJV,DRM 12.3.24 Price Road 66” Rehab (Insert Material),,"Chandler, AZ",All Bidders,,,,,"Job Name: DRM 12.3.24 Price Road 66” Rehab (Insert Material)
96"" Reduced Option
Job Number: AZ2402
Location: Chandler, AZ
Maricopa County
Contractor: All Bidders
Phone:",,,
2024,EJV,DRM 12.3.24 Price Road 66” Rehab (Insert Material),,"Chandler, AZ",All Bidders,,,66 HOBAS,12,,S206-74,,
2024,EJV,DRM 12.3.24 Price Road 66” Rehab (Insert Material),,"Chandler, AZ",All Bidders,,,,,Quantity Part Number Description Weight (lbs),,,
2024,EJV,DRM 12.3.24 Price Road 66” Rehab (Insert Material),,"Chandler, AZ",All Bidders,,,,,Connectors 12 S206-74,,,
2026,EJV,EJV Price Road 66” Rehab (Insert Material),Selected,"Chandler, AZ",All Bidders,,,,,"Job Name: EJV Price Road 66” Rehab (Insert Material)
Job Number: AZ2402
Location: Chandler, AZ
Maricopa County
Contractor: All Bidders
Phone:",,,
2026,EJV,EJV Price Road 66” Rehab (Insert Material),Selected,"Chandler, AZ",All Bidders,,,"48"" RCP C",2,,In 84 IN CIP Base,,
2026,EJV,EJV Price Road 66” Rehab (Insert Material),Selected,"Chandler, AZ",All Bidders,,,,,Quantity Part Number Description Weight (lbs),,,
2026,EJV,EJV Price Road 66” Rehab (Insert Material),Selected,"Chandler, AZ",All Bidders,,,,,"Job Name: EJV Price Road 66” Rehab (Insert Material)
Job Number: AZ2402
Location: Chandler, AZ
Maricopa County
Contractor: All Bidders
Phone:",,,
2026,EJV,EJV Price Road 66” Rehab (Insert Material),Selected,"Chandler, AZ",All Bidders,,,"48"" RCP C",2,,In 84 IN CIP Base,,
2026,EJV,EJV Price Road 66” Rehab (Insert Material),Selected,"Chandler, AZ",All Bidders,,,,,Quantity Part Number Description Weight (lbs),,,
2024,EJV,DRM 11.13.24 Price Road 66” Rehab (Insert Material),,"Chandler, AZ",All Bidders,,,,,"Job Name: DRM 11.13.24 Price Road 66” Rehab (Insert Material)
96"" Reduced Option
Job Number: AZ2402
Location: Chandler, AZ
Maricopa County
Contractor: All Bidders
Phone:",,,
2024,EJV,DRM 11.13.24 Price Road 66” Rehab (Insert Material),,"Chandler, AZ",All Bidders,,,"36"" RCP C",2,,In 60 IN CIP Base,,
2024,EJV,DRM 11.13.24 Price Road 66” Rehab (Insert Material),,"Chandler, AZ",All Bidders,,,66 HOBAS,2,,S206-74,,
2024,EJV,DRM 11.13.24 Price Road 66” Rehab (Insert Material),,"Chandler, AZ",All Bidders,,,,,Quantity Part Number Description Weight (lbs),,,
2024,EJV,DRM 11.13.24 Price Road 66” Rehab (Insert Material),,"Chandler, AZ",All Bidders,,,,,Connectors 2 S206-74,,,
2026,EJW,EJW Epcor Wishing Well Rebuild,WW #1,"Fort Mohave, AZ",Phone:,,,,,"Job Name: EJW Epcor Wishing Well Rebuild
Job Number:
Location: Fort Mohave, AZ
Mohave County
Contractor:
Phone:",,,
2026,EJW,EJW Epcor Wishing Well Rebuild,WW #1,"Fort Mohave, AZ",Phone:,,,"12"" Ductile Iron",1,,LS-360-S316-21,,
2026,EJW,EJW Epcor Wishing Well Rebuild,WW #1,"Fort Mohave, AZ",Phone:,,,"18"" PVC Sdr 35",1,,LS-475-S316-24,,
2026,EJW,EJW Epcor Wishing Well Rebuild,WW #1,"Fort Mohave, AZ",Phone:,,,4 Stainless Steel,1,,LS-300-S316-10,Tee,
2026,EJW,EJW Epcor Wishing Well Rebuild,WW #1,"Fort Mohave, AZ",Phone:,,,"4"" Ductile Iron",3,,LS-410-S316-7,,
2026,EJW,EJW Epcor Wishing Well Rebuild,WW #1,"Fort Mohave, AZ",Phone:,,,,,Quantity Part Number Description Weight (lbs),,,
2026,EJW,EJW Epcor Wishing Well Rebuild,WW #1,"Fort Mohave, AZ",Phone:,,,,,"Connectors 1 LS-300-S316-10
1 LS-360-S316-21
3 LS-410-S316-7
1 LS-475-S316-24",,,
2026,EJX,EJX Whaley Platt Subdivision Phase 1A,Selected,"St. Cloud, FL",Phone:,,,,,"Job Name: EJX Whaley Platt Subdivision Phase 1A
Job Number:
Location: St. Cloud, FL
Osceola County
Contractor:
Phone:",,,
2026,EJX,EJX Whaley Platt Subdivision Phase 1A,Selected,"St. Cloud, FL",Phone:,,,"10"" HDPE DR11",4,,S106-14AWS NPC Boot,,
2026,EJX,EJX Whaley Platt Subdivision Phase 1A,Selected,"St. Cloud, FL",Phone:,,,"6"" HDPE DR11",6,,LS-475-S316-10,,
2026,EJX,EJX Whaley Platt Subdivision Phase 1A,Selected,"St. Cloud, FL",Phone:,,,"8"" PVC Sdr 35",25,,S406-12AWS Boot,,
2026,EJX,EJX Whaley Platt Subdivision Phase 1A,Selected,"St. Cloud, FL",Phone:,,,,,Quantity Part Number Description Weight (lbs),,,
2026,EJX,EJX Whaley Platt Subdivision Phase 1A,Selected,"St. Cloud, FL",Phone:,,,,,"Connectors 6 LS-475-S316-10
4 S106-14AWS S106-14AWS NPC BOOT
25 S406-12AWS BOOT",,,
2026,EJX,EJX Whaley Platt Subdivision Phase 1A,Selected,"St. Cloud, FL",Phone:,,,,,"Job Name: EJX Whaley Platt Subdivision Phase 1A
Job Number:
Location: St. Cloud, FL
Osceola County
Contractor:
Phone:",,,
2026,EJX,EJX Whaley Platt Subdivision Phase 1A,Selected,"St. Cloud, FL",Phone:,,,"10"" HDPE DR11",4,,S106-14AWS NPC Boot,,
2026,EJX,EJX Whaley Platt Subdivision Phase 1A,Selected,"St. Cloud, FL",Phone:,,,"6"" HDPE DR11",6,,LS-475-S316-10,,
2026,EJX,EJX Whaley Platt Subdivision Phase 1A,Selected,"St. Cloud, FL",Phone:,,,"8"" PVC Sdr 35",24,,S106-12WS Boot,,
2026,EJX,EJX Whaley Platt Subdivision Phase 1A,Selected,"St. Cloud, FL",Phone:,,,"8"" PVC Sdr 35",1,,S406-12AWS Boot,,
2026,EJX,EJX Whaley Platt Subdivision Phase 1A,Selected,"St. Cloud, FL",Phone:,,,,,Quantity Part Number Description Weight (lbs),,,
2026,EJX,EJX Whaley Platt Subdivision Phase 1A,Selected,"St. Cloud, FL",Phone:,,,,,"Connectors 6 LS-475-S316-10
24 S106-12WS S106-12WS BOOT
4 S106-14AWS S106-14AWS NPC BOOT
1 S406-12AWS BOOT",,,
2026,EJY,EJY - Sprinkle Road Force Main,,"Kalamazoo County, MI",Phone:,,,,,"Job Name: EJY - Sprinkle Road Force Main
Job Number:
Location: Kalamazoo County, MI
Contractor:
Phone:",,,
2026,EJY,EJY - Sprinkle Road Force Main,,"Kalamazoo County, MI",Phone:,,,"15"" PVC Sdr 26",1,,18M PSX-2:DD,,
2026,EJY,EJY - Sprinkle Road Force Main,,"Kalamazoo County, MI",Phone:,,,"18"" HDPE DR13.5",1,,22L PSX-2:DD,,
2026,EJY,EJY - Sprinkle Road Force Main,,"Kalamazoo County, MI",Phone:,,,"27"" RCP B",2,,38A PSX-2:DD,,
2026,EJY,EJY - Sprinkle Road Force Main,,"Kalamazoo County, MI",Phone:,,,"30"" PVC Sdr 35",2,,36A PSX-2:DD,,
2026,EJY,EJY - Sprinkle Road Force Main,,"Kalamazoo County, MI",Phone:,,,,,Quantity Part Number Description Weight (lbs),,,
2026,EJY,EJY - Sprinkle Road Force Main,,"Kalamazoo County, MI",Phone:,,,,,"Connectors 1 18M PSX-2:DD
1 22L PSX-2-DD 22L PSX-2:DD
2 36A PSX-2-DD 36A PSX-2:DD
2 38A PSX-2:DD",,,
2026,EJY,EJY - Sprinkle Road Force Main,,"Kalamazoo County, MI",Phone:,,,,,"Job Name: EJY - Sprinkle Road Force Main
Job Number:
Location: Kalamazoo County, MI
Contractor:
Phone:",,,
2026,EJY,EJY - Sprinkle Road Force Main,,"Kalamazoo County, MI",Phone:,,,,,"Job Notes:
Please confirm pipe type.",,,
2026,EJY,EJY - Sprinkle Road Force Main,,"Kalamazoo County, MI",Phone:,,,"15"" PVC Sdr 26",1,,18M PSX-2:DD,,
2026,EJY,EJY - Sprinkle Road Force Main,,"Kalamazoo County, MI",Phone:,,,"18"" HDPE DR13.5",1,,22L PSX-2:DD,,
2026,EJY,EJY - Sprinkle Road Force Main,,"Kalamazoo County, MI",Phone:,,,"27"" RCP B",2,,38A PSX-2:DD,,
2026,EJY,EJY - Sprinkle Road Force Main,,"Kalamazoo County, MI",Phone:,,,"30"" PVC Sdr 35",2,,36A PSX-2:DD,,
2026,EJY,EJY - Sprinkle Road Force Main,,"Kalamazoo County, MI",Phone:,,,,,Quantity Part Number Description Weight (lbs),,,
2026,EJY,EJY - Sprinkle Road Force Main,,"Kalamazoo County, MI",Phone:,,,,,"Connectors 1 18M PSX-2:DD
1 22L PSX-2-DD 22L PSX-2:DD
2 36A PSX-2-DD 36A PSX-2:DD
2 38A PSX-2:DD",,,
2026,EJZ,EJZ Bel Aire - 85th St.,,"Maricopa County, AZ",Phone:,,,,,"Job Name: EJZ Bel Aire - 85th St.
Job Number:
Location: Maricopa County, AZ
Contractor:
Phone:",,,
2026,EJZ,EJZ Bel Aire - 85th St.,,"Maricopa County, AZ",Phone:,,,"8"" PVC Sdr 35",6,,Cast-a-Seal 603-08,,
2026,EJZ,EJZ Bel Aire - 85th St.,,"Maricopa County, AZ",Phone:,,,,,Quantity Part Number Description Weight (lbs),,,
2026,EJZ,EJZ Bel Aire - 85th St.,,"Maricopa County, AZ",Phone:,,,,,Connectors 6 CAST-A-SEAL 603-08 CAST-A-SEAL 603-08,,,
2026,EKA,EKA Phoenix Sky Harbor Airport T3N2,Selected,"Phoenix, AZ",All Bidders,,,,,"Job Name: EKA Phoenix Sky Harbor Airport T3N2
Job Number: AZ2509
Location: Phoenix, AZ
Maricopa County
Contractor: All Bidders
Phone:",,,
2026,EKA,EKA Phoenix Sky Harbor Airport T3N2,Selected,"Phoenix, AZ",All Bidders,,,"8"" Ductile Iron",3,,12M PSX:DD,,
2026,EKA,EKA Phoenix Sky Harbor Airport T3N2,Selected,"Phoenix, AZ",All Bidders,,,"8"" Vitrified Clay",1,,14M PSX:DD,,
2026,EKA,EKA Phoenix Sky Harbor Airport T3N2,Selected,"Phoenix, AZ",All Bidders,,,,,Quantity Part Number Description Weight (lbs),,,
2026,EKA,EKA Phoenix Sky Harbor Airport T3N2,Selected,"Phoenix, AZ",All Bidders,,,,,"Connectors 3 12M PSX:DD
1 14M PSX:DD",,,
2026,EKB,EKB Ocean Breeze Ranch TM 5615,Selected,"Bonsall, CA",Phone:,,,,,"Job Name: EKB Ocean Breeze Ranch TM 5615
Job Number:
Location: Bonsall, CA
San Diego County
Contractor:
Phone:",,,
2026,EKB,EKB Ocean Breeze Ranch TM 5615,Selected,"Bonsall, CA",Phone:,,,"4"" Ductile Iron",2,,LS-410-S316-7,,
2026,EKB,EKB Ocean Breeze Ranch TM 5615,Selected,"Bonsall, CA",Phone:,,,"4"" PVC Schd 40",2,,LS-300-S316-10,,
2026,EKB,EKB Ocean Breeze Ranch TM 5615,Selected,"Bonsall, CA",Phone:,,,"6"" Ductile Iron",2,,LS-410-S316-10,,
2026,EKB,EKB Ocean Breeze Ranch TM 5615,Selected,"Bonsall, CA",Phone:,,,8 PVC C900 DR-18,12,,LS-400-S316-9,,
2026,EKB,EKB Ocean Breeze Ranch TM 5615,Selected,"Bonsall, CA",Phone:,,,Hole,6,,Mortar,,
2026,EKB,EKB Ocean Breeze Ranch TM 5615,Selected,"Bonsall, CA",Phone:,,,,,Quantity Part Number Description Weight (lbs),,,
2026,EKB,EKB Ocean Breeze Ranch TM 5615,Selected,"Bonsall, CA",Phone:,,,,,"Connectors 2 LS-300-S316-10
12 LS-400-S316-9
2 LS-410-S316-10
2 LS-410-S316-7",,,
2026,EKB,EKB Ocean Breeze Ranch TM 5615,Selected,"Bonsall, CA",Phone:,,,,,"Job Name: EKB Ocean Breeze Ranch TM 5615
Job Number:
Location: Bonsall, CA
San Diego County
Contractor:
Phone:",,,
2026,EKB,EKB Ocean Breeze Ranch TM 5615,Selected,"Bonsall, CA",Phone:,,,"4"" Ductile Iron",2,,LS-410-S316-7,,
2026,EKB,EKB Ocean Breeze Ranch TM 5615,Selected,"Bonsall, CA",Phone:,,,"4"" PVC Schd 40",2,,LS-300-S316-10,,
2026,EKB,EKB Ocean Breeze Ranch TM 5615,Selected,"Bonsall, CA",Phone:,,,"6"" Ductile Iron",2,,LS-410-S316-10,,
2026,EKB,EKB Ocean Breeze Ranch TM 5615,Selected,"Bonsall, CA",Phone:,,,8 PVC C900 DR-18,12,,LS-400-S316-9,,
2026,EKB,EKB Ocean Breeze Ranch TM 5615,Selected,"Bonsall, CA",Phone:,,,Hole,6,,Mortar,,
2026,EKB,EKB Ocean Breeze Ranch TM 5615,Selected,"Bonsall, CA",Phone:,,,,,Quantity Part Number Description Weight (lbs),,,
2026,EKB,EKB Ocean Breeze Ranch TM 5615,Selected,"Bonsall, CA",Phone:,,,,,"Connectors 2 LS-300-S316-10
12 LS-400-S316-9
2 LS-410-S316-10
2 LS-410-S316-7",,,
2026,EKC,EKC Galena Park SS Rehab,Selected,"Galena Park,TX",Phone:,,,,,"Job Name: EKC Galena Park SS Rehab
Job Number:
Location: Galena Park,TX
Contractor:
Phone:",,,
2026,EKC,EKC Galena Park SS Rehab,Selected,"Galena Park,TX",Phone:,,,"18"" PVC Sdr 35",7,,22M PSX-2:DD,,
2026,EKC,EKC Galena Park SS Rehab,Selected,"Galena Park,TX",Phone:,,,,,Quantity Part Number Description Weight (lbs),,,
2026,EKC,EKC Galena Park SS Rehab,Selected,"Galena Park,TX",Phone:,,,,,Connectors 7 22M PSX-2-DD 22M PSX-2:DD,,,
2026,EKD,EKD Chalets at Lakewood Ranch,Selected,"Lakewood Ranch, FL",Phone:,,,,,"Job Name: EKD Chalets at Lakewood Ranch
Job Number:
Location: Lakewood Ranch, FL
Manatee County
Contractor:
Phone:",,,
2026,EKD,EKD Chalets at Lakewood Ranch,Selected,"Lakewood Ranch, FL",Phone:,,,"8"" PVC Sdr 35",6,,Cast-a-Seal 603-08,,
2026,EKD,EKD Chalets at Lakewood Ranch,Selected,"Lakewood Ranch, FL",Phone:,,,,,Quantity Part Number Description Weight (lbs),,,
2026,EKD,EKD Chalets at Lakewood Ranch,Selected,"Lakewood Ranch, FL",Phone:,,,,,Connectors 6 CAST-A-SEAL 603-08 CAST-A-SEAL 603-08,,,
2026,EKE,EKE Mews Rd (Gilbert Hawes Rd Imp ADOT),Selected,"Gilbert, AZ",Phone:,,,,,"Job Name: EKE Mews Rd (Gilbert Hawes Rd Imp ADOT)
Job Number:
Location: Gilbert, AZ
Contractor:
Phone:",,,
2026,EKE,EKE Mews Rd (Gilbert Hawes Rd Imp ADOT),Selected,"Gilbert, AZ",Phone:,,,"8"" PVC Sdr 26",34,,12-08 PSX:DD,,
2026,EKE,EKE Mews Rd (Gilbert Hawes Rd Imp ADOT),Selected,"Gilbert, AZ",Phone:,,,,,Quantity Part Number Description Weight (lbs),,,
2026,EKE,EKE Mews Rd (Gilbert Hawes Rd Imp ADOT),Selected,"Gilbert, AZ",Phone:,,,,,Connectors 34 12-08 PSX-DD 12-08 PSX:DD,,,
2026,EKE,EKE Mews Rd (Gilbert Hawes Rd Imp ADOT),Selected,"Gilbert, AZ",Phone:,,,,,"Job Name: EKE Mews Rd (Gilbert Hawes Rd Imp ADOT)
Job Number:
Location: Gilbert, AZ
Contractor:
Phone:",,,
2026,EKE,EKE Mews Rd (Gilbert Hawes Rd Imp ADOT),Selected,"Gilbert, AZ",Phone:,,,"8"" PVC Sdr 26",1,,12-08 PSX:DD,,
2026,EKE,EKE Mews Rd (Gilbert Hawes Rd Imp ADOT),Selected,"Gilbert, AZ",Phone:,,,"8"" PVC Sdr 26",33,,Cast-a-Seal 603-08,,
2026,EKE,EKE Mews Rd (Gilbert Hawes Rd Imp ADOT),Selected,"Gilbert, AZ",Phone:,,,,,Quantity Part Number Description Weight (lbs),,,
2026,EKE,EKE Mews Rd (Gilbert Hawes Rd Imp ADOT),Selected,"Gilbert, AZ",Phone:,,,,,"Connectors 1 12-08 PSX-DD 12-08 PSX:DD
33 CAST-A-SEAL 603-08 CAST-A-SEAL 603-08",,,
2026,EKF,EKF Scottsdale FS #606,"MH-01 (Grade Rings,Cone, and riser only-Olson)","Scottsdale, AZ",Phone:,,,,,"Job Name: EKF Scottsdale FS #606
Job Number:
Location: Scottsdale, AZ
Maricopa County
Contractor:
Phone:",,,
2026,EKF,EKF Scottsdale FS #606,"MH-01 (Grade Rings,Cone, and riser only-Olson)","Scottsdale, AZ",Phone:,,,,,Quantity Part Number Description Weight (lbs),,,
2026,EKG,EKG TOHO Reservoir Surface WT Facility,Selected,"Osceola County, Florida",Phone:,,,,,"Job Name: EKG TOHO Reservoir Surface WT Facility
Job Number:
Location: Osceola County, Florida
Contractor:
Phone:",,,
2026,EKG,EKG TOHO Reservoir Surface WT Facility,Selected,"Osceola County, Florida",Phone:,,,"10"" Ductile Iron",1,,S106-14AWS Boot,,
2026,EKG,EKG TOHO Reservoir Surface WT Facility,Selected,"Osceola County, Florida",Phone:,,,"10"" Ductile Iron",6,,LS-500-S316-11,,
2026,EKG,EKG TOHO Reservoir Surface WT Facility,Selected,"Osceola County, Florida",Phone:,,,"10"" PVC Sdr 35",4,,S106-14AWS Boot,,
2026,EKG,EKG TOHO Reservoir Surface WT Facility,Selected,"Osceola County, Florida",Phone:,,,"12"" Ductile Iron",2,,S106-16WS Boot,,
2026,EKG,EKG TOHO Reservoir Surface WT Facility,Selected,"Osceola County, Florida",Phone:,,,"12"" PVC Sdr 35",4,,S106-16AWS Boot,,
2026,EKG,EKG TOHO Reservoir Surface WT Facility,Selected,"Osceola County, Florida",Phone:,,,"12"" Stainless Steel",2,,LS-475-S316-17,Tee,
2026,EKG,EKG TOHO Reservoir Surface WT Facility,Selected,"Osceola County, Florida",Phone:,,,"2"" Stainless Steel",3,,LS-300-S316-6,Tee,
2026,EKG,EKG TOHO Reservoir Surface WT Facility,Selected,"Osceola County, Florida",Phone:,,,4 C900 DR25,1,,S106-7MWS Boot,,
2026,EKG,EKG TOHO Reservoir Surface WT Facility,Selected,"Osceola County, Florida",Phone:,,,"4"" PVC Schd 80",6,,S106-7WS Boot,,
2026,EKG,EKG TOHO Reservoir Surface WT Facility,Selected,"Osceola County, Florida",Phone:,,,"4"" PVC Schd 80",4,,,,
2026,EKG,EKG TOHO Reservoir Surface WT Facility,Selected,"Osceola County, Florida",Phone:,,,"4"" PVC Sdr 35",3,,S106-7MWS Boot,,
2026,EKG,EKG TOHO Reservoir Surface WT Facility,Selected,"Osceola County, Florida",Phone:,,,"6"" Ductile Iron",1,,S406-12BWS Boot,,
2026,EKG,EKG TOHO Reservoir Surface WT Facility,Selected,"Osceola County, Florida",Phone:,,,"6"" Ductile Iron",1,,,,
2026,EKG,EKG TOHO Reservoir Surface WT Facility,Selected,"Osceola County, Florida",Phone:,,,"8"" Ductile Iron",1,,S106-12WS Boot,,
2026,EKG,EKG TOHO Reservoir Surface WT Facility,Selected,"Osceola County, Florida",Phone:,,,"8"" Ductile Iron",1,,,,
2026,EKG,EKG TOHO Reservoir Surface WT Facility,Selected,"Osceola County, Florida",Phone:,,,Hole Box,6,,,,
2026,EKG,EKG TOHO Reservoir Surface WT Facility,Selected,"Osceola County, Florida",Phone:,,,,,Quantity Part Number Description Weight (lbs),,,
2026,EKG,EKG TOHO Reservoir Surface WT Facility,Selected,"Osceola County, Florida",Phone:,,,,,"Connectors 3 LS-300-S316-6 LS-300-S316-6
2 LS-475-S316-17
6 LS-500-S316-11
1 S106-12WS S106-12WS BOOT
5 S106-14AWS S106-14AWS BOOT
4 S106-16AWS S106-16AWS BOOT
2 S106-16WS BOOT
4 S106-7MWS BOOT
6 S106-7WS BOOT
1 S406-12BWS BOOT",,,
2026,EKG,EKG TOHO Reservoir Surface WT Facility,Selected,"Osceola County, Florida",Phone:,,,,,"Job Name: EKG TOHO Reservoir Surface WT Facility
Job Number:
Location: Osceola County, Florida
Contractor:
Phone:",,,
2026,EKG,EKG TOHO Reservoir Surface WT Facility,Selected,"Osceola County, Florida",Phone:,,,"10"" Ductile Iron",1,,S106-14AWS Boot,,
2026,EKG,EKG TOHO Reservoir Surface WT Facility,Selected,"Osceola County, Florida",Phone:,,,"10"" Ductile Iron",6,,LS-500-S316-11,,
2026,EKG,EKG TOHO Reservoir Surface WT Facility,Selected,"Osceola County, Florida",Phone:,,,"10"" PVC Sdr 35",4,,S106-14AWS Boot,,
2026,EKG,EKG TOHO Reservoir Surface WT Facility,Selected,"Osceola County, Florida",Phone:,,,"12"" Ductile Iron",2,,LS-360-S316-21,,
2026,EKG,EKG TOHO Reservoir Surface WT Facility,Selected,"Osceola County, Florida",Phone:,,,"12"" Ductile Iron",2,,S106-16WS Boot,,
2026,EKG,EKG TOHO Reservoir Surface WT Facility,Selected,"Osceola County, Florida",Phone:,,,"12"" PVC Sdr 35",4,,S106-16AWS Boot,,
2026,EKG,EKG TOHO Reservoir Surface WT Facility,Selected,"Osceola County, Florida",Phone:,,,"2"" Stainless Steel",3,,LS-300-S316-6,Tee,
2026,EKG,EKG TOHO Reservoir Surface WT Facility,Selected,"Osceola County, Florida",Phone:,,,4 C900 DR25,1,,S106-7MWS Boot,,
2026,EKG,EKG TOHO Reservoir Surface WT Facility,Selected,"Osceola County, Florida",Phone:,,,"4"" PVC Schd 80",6,,S106-7WS Boot,,
2026,EKG,EKG TOHO Reservoir Surface WT Facility,Selected,"Osceola County, Florida",Phone:,,,"4"" PVC Schd 80",4,,,,
2026,EKG,EKG TOHO Reservoir Surface WT Facility,Selected,"Osceola County, Florida",Phone:,,,"4"" PVC Sdr 35",3,,S106-7MWS Boot,,
2026,EKG,EKG TOHO Reservoir Surface WT Facility,Selected,"Osceola County, Florida",Phone:,,,"6"" Ductile Iron",1,,S406-12BWS Boot,,
2026,EKG,EKG TOHO Reservoir Surface WT Facility,Selected,"Osceola County, Florida",Phone:,,,"6"" Ductile Iron",1,,,,
2026,EKG,EKG TOHO Reservoir Surface WT Facility,Selected,"Osceola County, Florida",Phone:,,,"8"" Ductile Iron",1,,S106-12WS Boot,,
2026,EKG,EKG TOHO Reservoir Surface WT Facility,Selected,"Osceola County, Florida",Phone:,,,"8"" Ductile Iron",1,,,,
2026,EKG,EKG TOHO Reservoir Surface WT Facility,Selected,"Osceola County, Florida",Phone:,,,Hole Box,6,,,,
2026,EKG,EKG TOHO Reservoir Surface WT Facility,Selected,"Osceola County, Florida",Phone:,,,,,Quantity Part Number Description Weight (lbs),,,
2026,EKG,EKG TOHO Reservoir Surface WT Facility,Selected,"Osceola County, Florida",Phone:,,,,,"Connectors 3 LS-300-S316-6 LS-300-S316-6
2 LS-360-S316-21
6 LS-500-S316-11
1 S106-12WS S106-12WS BOOT
5 S106-14AWS S106-14AWS BOOT
4 S106-16AWS S106-16AWS BOOT
2 S106-16WS BOOT
4 S106-7MWS BOOT
6 S106-7WS BOOT
1 S406-12BWS BOOT",,,
2026,EKH,EKH MH 7601,MH 7601,"Bradenton, FL",Phone:,,,,,"Job Name: EKH MH 7601
Job Number:
Location: Bradenton, FL
Manatee County
Contractor:
Phone:",,,
2026,EKH,EKH MH 7601,MH 7601,"Bradenton, FL",Phone:,,,"8"" PVC Sdr 26",3,,Cast-a-Seal 603-08,,
2026,EKH,EKH MH 7601,MH 7601,"Bradenton, FL",Phone:,,,,,Quantity Part Number Description Weight (lbs),,,
2026,EKH,EKH MH 7601,MH 7601,"Bradenton, FL",Phone:,,,,,Connectors 3 CAST-A-SEAL 603-08 CAST-A-SEAL 603-08,,,
2026,EKI,EKI Sacaton WRF 100% Construction,Selected,"Gila River Indian Community, AZ",Phone:,,,,,"Job Name: EKI Sacaton WRF 100% Construction
Job Number:
Location: Gila River Indian Community, AZ
Contractor:
Phone:",,,
2026,EKI,EKI Sacaton WRF 100% Construction,Selected,"Gila River Indian Community, AZ",Phone:,,,"18"" PVC Sdr 35",5,,22M PSX-2:DD,,
2026,EKI,EKI Sacaton WRF 100% Construction,Selected,"Gila River Indian Community, AZ",Phone:,,,"18"" PVC Sdr 35",3,,In 60 IN CIP Base,,
2026,EKI,EKI Sacaton WRF 100% Construction,Selected,"Gila River Indian Community, AZ",Phone:,,,4 C900 DR25,1,,8QRS PSX:DD,,
2026,EKI,EKI Sacaton WRF 100% Construction,Selected,"Gila River Indian Community, AZ",Phone:,,,"8"" PVC Sdr 35",1,,,,
2026,EKI,EKI Sacaton WRF 100% Construction,Selected,"Gila River Indian Community, AZ",Phone:,,,"8"" PVC Sdr 35",3,,12-08 PSX:DD,,
2026,EKI,EKI Sacaton WRF 100% Construction,Selected,"Gila River Indian Community, AZ",Phone:,,,,,Quantity Part Number Description Weight (lbs),,,
2026,EKI,EKI Sacaton WRF 100% Construction,Selected,"Gila River Indian Community, AZ",Phone:,,,,,"Connectors 4 12-08 PSX-DD 12-08 PSX:DD
5 22M PSX-2-DD 22M PSX-2:DD
1 8QRS PSX-DD 8QRS PSX:DD",,,
2026,EKI,EKI Sacaton WRF 100% Construction,Selected,"Gila River Indian Community, AZ",Phone:,,,,,"Job Name: EKI Sacaton WRF 100% Construction
Job Number:
Location: Gila River Indian Community, AZ
Contractor:
Phone:",,,
2026,EKI,EKI Sacaton WRF 100% Construction,Selected,"Gila River Indian Community, AZ",Phone:,,,"18"" PVC Sdr 35",5,,22M PSX-2:DD,,
2026,EKI,EKI Sacaton WRF 100% Construction,Selected,"Gila River Indian Community, AZ",Phone:,,,"18"" PVC Sdr 35",3,,In 60 IN CIP Base,,
2026,EKI,EKI Sacaton WRF 100% Construction,Selected,"Gila River Indian Community, AZ",Phone:,,,4 C900 DR25,1,,8QRS PSX:DD,,
2026,EKI,EKI Sacaton WRF 100% Construction,Selected,"Gila River Indian Community, AZ",Phone:,,,"8"" PVC Sdr 35",1,,,,
2026,EKI,EKI Sacaton WRF 100% Construction,Selected,"Gila River Indian Community, AZ",Phone:,,,"8"" PVC Sdr 35",3,,12-08 PSX:DD,,
2026,EKI,EKI Sacaton WRF 100% Construction,Selected,"Gila River Indian Community, AZ",Phone:,,,,,Quantity Part Number Description Weight (lbs),,,
2026,EKI,EKI Sacaton WRF 100% Construction,Selected,"Gila River Indian Community, AZ",Phone:,,,,,"Connectors 4 12-08 PSX-DD 12-08 PSX:DD
5 22M PSX-2-DD 22M PSX-2:DD
1 8QRS PSX-DD 8QRS PSX:DD",,,
2026,EKJ,EKJ Christobel Septic Tank Phase Out (BATCH 1),Selected,"Jacksonville, FL",Phone:,,,,,"Job Name: EKJ Christobel Septic Tank Phase Out (BATCH 1)
Job Number:
Location: Jacksonville, FL
Contractor:
Phone:",,,
2026,EKJ,EKJ Christobel Septic Tank Phase Out (BATCH 1),Selected,"Jacksonville, FL",Phone:,,,1.5 PVC Schd 80,2,,"8QRS STEP ""S"" PSX:DD",,
2026,EKJ,EKJ Christobel Septic Tank Phase Out (BATCH 1),Selected,"Jacksonville, FL",Phone:,,,"10"" PVC Sdr 26",11,,14M PSX:DD,,
2026,EKJ,EKJ Christobel Septic Tank Phase Out (BATCH 1),Selected,"Jacksonville, FL",Phone:,,,"12"" PVC Sdr 26",4,,16M PSX:DD,,
2026,EKJ,EKJ Christobel Septic Tank Phase Out (BATCH 1),Selected,"Jacksonville, FL",Phone:,,,2 PVC Sdr 26,1,,8QRS PSX:DD,,
2026,EKJ,EKJ Christobel Septic Tank Phase Out (BATCH 1),Selected,"Jacksonville, FL",Phone:,,,"2"" PVC Schd 80",1,,Mortar,,
2026,EKJ,EKJ Christobel Septic Tank Phase Out (BATCH 1),Selected,"Jacksonville, FL",Phone:,,,4 C905 DR18,1,,"8QRS STEP ""Q"" PSX:DD",,
2026,EKJ,EKJ Christobel Septic Tank Phase Out (BATCH 1),Selected,"Jacksonville, FL",Phone:,,,4 SS-316 Sch40,2,,Mortar,,
2026,EKJ,EKJ Christobel Septic Tank Phase Out (BATCH 1),Selected,"Jacksonville, FL",Phone:,,,4 SS-316 Sch40,2,,LS-300-S316-10,,
2026,EKJ,EKJ Christobel Septic Tank Phase Out (BATCH 1),Selected,"Jacksonville, FL",Phone:,,,"4"" PVC Schd 40",2,,LS-300-S316-10,,
2026,EKJ,EKJ Christobel Septic Tank Phase Out (BATCH 1),Selected,"Jacksonville, FL",Phone:,,,6 Hole Box,1,,Mortar,,
2026,EKJ,EKJ Christobel Septic Tank Phase Out (BATCH 1),Selected,"Jacksonville, FL",Phone:,,,"6"" PVC Sdr 26",2,,12-06 PSX:DD,,
2026,EKJ,EKJ Christobel Septic Tank Phase Out (BATCH 1),Selected,"Jacksonville, FL",Phone:,,,"6"" PVC Sdr 26",1,,,,
2026,EKJ,EKJ Christobel Septic Tank Phase Out (BATCH 1),Selected,"Jacksonville, FL",Phone:,,,"8"" PVC Sdr 26",49,,12-08 PSX:DD,,
2026,EKJ,EKJ Christobel Septic Tank Phase Out (BATCH 1),Selected,"Jacksonville, FL",Phone:,,,"8"" PVC Sdr 26",10,,,,
2026,EKJ,EKJ Christobel Septic Tank Phase Out (BATCH 1),Selected,"Jacksonville, FL",Phone:,,,"8""x12"" PVC Sdr 26 Box",2,,Mortar Knockout,,
2026,EKJ,EKJ Christobel Septic Tank Phase Out (BATCH 1),Selected,"Jacksonville, FL",Phone:,,,Hole Box,1,,Mortar,,
2026,EKJ,EKJ Christobel Septic Tank Phase Out (BATCH 1),Selected,"Jacksonville, FL",Phone:,,,,,Quantity Part Number Description Weight (lbs),,,
2026,EKJ,EKJ Christobel Septic Tank Phase Out (BATCH 1),Selected,"Jacksonville, FL",Phone:,,,,,"Connectors 2 12-06 PSX-DD 12-06 PSX:DD
49 12-08 PSX-DD 12-08 PSX:DD
11 14M PSX:DD
4 16M PSX-DD 16M PSX:DD
1 8QRS PSX-DD 8QRS PSX:DD
1 8QRS STEP ""Q"" PSX:DD
2 8QRS STEP ""S"" PSX:DD
4 LS-300-S316-10",,,
2026,EKJ,EKJ Christobel Septic Tank Phase Out (BATCH 1),Selected,"Jacksonville, FL",Phone:,,,,,"Job Name: EKJ Christobel Septic Tank Phase Out (BATCH 1)
Job Number:
Location: Jacksonville, FL
Contractor:
Phone:",,,
2026,EKJ,EKJ Christobel Septic Tank Phase Out (BATCH 1),Selected,"Jacksonville, FL",Phone:,,,1.5 PVC Schd 80,2,,"8QRS STEP ""S"" PSX:DD",,
2026,EKJ,EKJ Christobel Septic Tank Phase Out (BATCH 1),Selected,"Jacksonville, FL",Phone:,,,"10"" PVC Sdr 26",12,,14M PSX:DD,,
2026,EKJ,EKJ Christobel Septic Tank Phase Out (BATCH 1),Selected,"Jacksonville, FL",Phone:,,,"12"" PVC Sdr 26",4,,16M PSX:DD,,
2026,EKJ,EKJ Christobel Septic Tank Phase Out (BATCH 1),Selected,"Jacksonville, FL",Phone:,,,2 PVC Sdr 26,1,,8QRS PSX:DD,,
2026,EKJ,EKJ Christobel Septic Tank Phase Out (BATCH 1),Selected,"Jacksonville, FL",Phone:,,,"2"" PVC Sdr 35",1,,8QRS PSX:DD,,
2026,EKJ,EKJ Christobel Septic Tank Phase Out (BATCH 1),Selected,"Jacksonville, FL",Phone:,,,4 C905 DR18,1,,"8QRS STEP ""Q"" PSX:DD",,
2026,EKJ,EKJ Christobel Septic Tank Phase Out (BATCH 1),Selected,"Jacksonville, FL",Phone:,,,4 SS-316 Sch40,4,,LS-300-S316-10,,
2026,EKJ,EKJ Christobel Septic Tank Phase Out (BATCH 1),Selected,"Jacksonville, FL",Phone:,,,"4"" PVC Schd 40",2,,LS-300-S316-10,,
2026,EKJ,EKJ Christobel Septic Tank Phase Out (BATCH 1),Selected,"Jacksonville, FL",Phone:,,,6 Hole Box,1,,Mortar,,
2026,EKJ,EKJ Christobel Septic Tank Phase Out (BATCH 1),Selected,"Jacksonville, FL",Phone:,,,"6"" PVC Sdr 26",1,,12-06 PSX:DD,,
2026,EKJ,EKJ Christobel Septic Tank Phase Out (BATCH 1),Selected,"Jacksonville, FL",Phone:,,,"6"" PVC Sdr 26",1,,,,
2026,EKJ,EKJ Christobel Septic Tank Phase Out (BATCH 1),Selected,"Jacksonville, FL",Phone:,,,"8"" PVC Sdr 26",55,,12-08 PSX:DD,,
2026,EKJ,EKJ Christobel Septic Tank Phase Out (BATCH 1),Selected,"Jacksonville, FL",Phone:,,,"8"" PVC Sdr 26",12,,,,
2026,EKJ,EKJ Christobel Septic Tank Phase Out (BATCH 1),Selected,"Jacksonville, FL",Phone:,,,"8""x12"" PVC Sdr 26 Box",2,,Mortar Knockout,,
2026,EKJ,EKJ Christobel Septic Tank Phase Out (BATCH 1),Selected,"Jacksonville, FL",Phone:,,,Hole Box,1,,Mortar,,
2026,EKJ,EKJ Christobel Septic Tank Phase Out (BATCH 1),Selected,"Jacksonville, FL",Phone:,,,,,Quantity Part Number Description Weight (lbs),,,
2026,EKJ,EKJ Christobel Septic Tank Phase Out (BATCH 1),Selected,"Jacksonville, FL",Phone:,,,,,"Connectors 1 12-06 PSX-DD 12-06 PSX:DD
55 12-08 PSX-DD 12-08 PSX:DD
12 14M PSX:DD
4 16M PSX-DD 16M PSX:DD
2 8QRS PSX-DD 8QRS PSX:DD
1 8QRS STEP ""Q"" PSX:DD
2 8QRS STEP ""S"" PSX:DD
6 LS-300-S316-10",,,
2026,EKJ,EKJ Christobel Septic Tank Phase Out (BATCH 1),Selected,"Jacksonville, FL",Phone:,,,,,"Job Name: EKJ Christobel Septic Tank Phase Out (BATCH 1)
Job Number:
Location: Jacksonville, FL
Contractor:
Phone:",,,
2026,EKJ,EKJ Christobel Septic Tank Phase Out (BATCH 1),Selected,"Jacksonville, FL",Phone:,,,1.5 PVC Schd 80,2,,"8QRS STEP ""S"" PSX:DD",,
2026,EKJ,EKJ Christobel Septic Tank Phase Out (BATCH 1),Selected,"Jacksonville, FL",Phone:,,,"10"" PVC Sdr 26",12,,14M PSX:DD,,
2026,EKJ,EKJ Christobel Septic Tank Phase Out (BATCH 1),Selected,"Jacksonville, FL",Phone:,,,"12"" PVC Sdr 26",4,,16M PSX:DD,,
2026,EKJ,EKJ Christobel Septic Tank Phase Out (BATCH 1),Selected,"Jacksonville, FL",Phone:,,,2 PVC Sdr 26,1,,8QRS PSX:DD,,
2026,EKJ,EKJ Christobel Septic Tank Phase Out (BATCH 1),Selected,"Jacksonville, FL",Phone:,,,"2"" PVC Sdr 35",1,,8QRS PSX:DD,,
2026,EKJ,EKJ Christobel Septic Tank Phase Out (BATCH 1),Selected,"Jacksonville, FL",Phone:,,,4 C905 DR18,1,,"8QRS STEP ""Q"" PSX:DD",,
2026,EKJ,EKJ Christobel Septic Tank Phase Out (BATCH 1),Selected,"Jacksonville, FL",Phone:,,,4 SS-316 Sch40,4,,LS-300-S316-10,,
2026,EKJ,EKJ Christobel Septic Tank Phase Out (BATCH 1),Selected,"Jacksonville, FL",Phone:,,,"4"" PVC Schd 40",2,,LS-300-S316-10,,
2026,EKJ,EKJ Christobel Septic Tank Phase Out (BATCH 1),Selected,"Jacksonville, FL",Phone:,,,6 Hole Box,1,,Mortar,,
2026,EKJ,EKJ Christobel Septic Tank Phase Out (BATCH 1),Selected,"Jacksonville, FL",Phone:,,,"6"" PVC Sdr 26",1,,12-06 PSX:DD,,
2026,EKJ,EKJ Christobel Septic Tank Phase Out (BATCH 1),Selected,"Jacksonville, FL",Phone:,,,"6"" PVC Sdr 26",1,,,,
2026,EKJ,EKJ Christobel Septic Tank Phase Out (BATCH 1),Selected,"Jacksonville, FL",Phone:,,,"8"" PVC Sdr 26",49,,12-08 PSX:DD,,
2026,EKJ,EKJ Christobel Septic Tank Phase Out (BATCH 1),Selected,"Jacksonville, FL",Phone:,,,"8"" PVC Sdr 26",10,,,,
2026,EKJ,EKJ Christobel Septic Tank Phase Out (BATCH 1),Selected,"Jacksonville, FL",Phone:,,,"8""x12"" PVC Sdr 26 Box",2,,Mortar Knockout,,
2026,EKJ,EKJ Christobel Septic Tank Phase Out (BATCH 1),Selected,"Jacksonville, FL",Phone:,,,Hole Box,1,,Mortar,,
2026,EKJ,EKJ Christobel Septic Tank Phase Out (BATCH 1),Selected,"Jacksonville, FL",Phone:,,,,,Quantity Part Number Description Weight (lbs),,,
2026,EKJ,EKJ Christobel Septic Tank Phase Out (BATCH 1),Selected,"Jacksonville, FL",Phone:,,,,,"Connectors 1 12-06 PSX-DD 12-06 PSX:DD
49 12-08 PSX-DD 12-08 PSX:DD
12 14M PSX:DD
4 16M PSX-DD 16M PSX:DD
2 8QRS PSX-DD 8QRS PSX:DD
1 8QRS STEP ""Q"" PSX:DD
2 8QRS STEP ""S"" PSX:DD
6 LS-300-S316-10",,,
2026,EKK,EKK Laurinburg-Maxton Airport Rehab,Selected,"Maxton, NC",Phone:,,,,,"Job Name: EKK Laurinburg-Maxton Airport Rehab
Job Number:
Location: Maxton, NC
Contractor:
Phone:",,,
2026,EKK,EKK Laurinburg-Maxton Airport Rehab,Selected,"Maxton, NC",Phone:,,,"12"" PVC Sdr 35",1,,16M PSX:DD,,
2026,EKK,EKK Laurinburg-Maxton Airport Rehab,Selected,"Maxton, NC",Phone:,,,2 HDPE DR11,1,,8QRS PSX:DD,,
2026,EKK,EKK Laurinburg-Maxton Airport Rehab,Selected,"Maxton, NC",Phone:,,,"4"" Steel",1,,8QRS PSX:DD,Tee,
2026,EKK,EKK Laurinburg-Maxton Airport Rehab,Selected,"Maxton, NC",Phone:,,,"6"" C900 DR-18",1,,12-06 PSX:DD,,
2026,EKK,EKK Laurinburg-Maxton Airport Rehab,Selected,"Maxton, NC",Phone:,,,,,Quantity Part Number Description Weight (lbs),,,
2026,EKK,EKK Laurinburg-Maxton Airport Rehab,Selected,"Maxton, NC",Phone:,,,,,"Connectors 1 12-06 PSX-DD 12-06 PSX:DD
1 16M PSX-DD 16M PSX:DD
2 8QRS PSX-DD 8QRS PSX:DD",,,
2026,EKL,EKL Ash Creek Flat Lids,Selected,"St. George, UT",Phone:,,,,,"Job Name: EKL Ash Creek Flat Lids
Job Number:
Location: St. George, UT
Contractor:
Phone:",,,
2026,EKL,EKL Ash Creek Flat Lids,Selected,"St. George, UT",Phone:,,,,,Quantity Part Number Description Weight (lbs),,,
2026,EKM,EKM Saddleback Village B Parcel 13 Ph2(Olson),Selected,"Peoria, AZ",Phone:,,,,,"Job Name: EKM Saddleback Village B Parcel 13 Ph2(Olson)
Job Number:
Location: Peoria, AZ
Contractor:
Phone:",,,
2026,EKM,EKM Saddleback Village B Parcel 13 Ph2(Olson),Selected,"Peoria, AZ",Phone:,,,"8"" PVC Sdr 26",16,,12-08 PSX:DD,,
2026,EKM,EKM Saddleback Village B Parcel 13 Ph2(Olson),Selected,"Peoria, AZ",Phone:,,,"8"" PVC Sdr 35",1,,12-08 PSX:DD,,
2026,EKM,EKM Saddleback Village B Parcel 13 Ph2(Olson),Selected,"Peoria, AZ",Phone:,,,,,Quantity Part Number Description Weight (lbs),,,
2026,EKM,EKM Saddleback Village B Parcel 13 Ph2(Olson),Selected,"Peoria, AZ",Phone:,,,,,Connectors 17 12-08 PSX-DD 12-08 PSX:DD,,,
2026,EKM,EKM Saddleback Village B Parcel 13 Ph2(Olson),Selected,"Peoria, AZ",Phone:,,,,,"Job Name: EKM Saddleback Village B Parcel 13 Ph2(Olson)
Job Number:
Location: Peoria, AZ
Contractor:
Phone:",,,
2026,EKM,EKM Saddleback Village B Parcel 13 Ph2(Olson),Selected,"Peoria, AZ",Phone:,,,"8"" PVC Sdr 26",16,,12-08 PSX:DD,,
2026,EKM,EKM Saddleback Village B Parcel 13 Ph2(Olson),Selected,"Peoria, AZ",Phone:,,,"8"" PVC Sdr 35",1,,12-08 PSX:DD,,
2026,EKM,EKM Saddleback Village B Parcel 13 Ph2(Olson),Selected,"Peoria, AZ",Phone:,,,,,Quantity Part Number Description Weight (lbs),,,
2026,EKM,EKM Saddleback Village B Parcel 13 Ph2(Olson),Selected,"Peoria, AZ",Phone:,,,,,Connectors 17 12-08 PSX-DD 12-08 PSX:DD,,,
2026,EKN,EKN TOHO Emergency Manhole City Life Road,Selected,"Kissimmee, FL",Phone:,,,,,"Job Name: EKN TOHO Emergency Manhole City Life Road
Job Number:
Location: Kissimmee, FL
Contractor:
Phone:",,,
2026,EKN,EKN TOHO Emergency Manhole City Life Road,Selected,"Kissimmee, FL",Phone:,,,"10"" PVC Sdr 26",2,,S106-16BWS Boot,,
2026,EKN,EKN TOHO Emergency Manhole City Life Road,Selected,"Kissimmee, FL",Phone:,,,,,Quantity Part Number Description Weight (lbs),,,
2026,EKN,EKN TOHO Emergency Manhole City Life Road,Selected,"Kissimmee, FL",Phone:,,,,,Connectors 2 S106-16BWS BOOT,,,
2026,EKO,EKO Kendall St Sewer Mainline Replacement,Selected,"Boise, ID",Phone:,,,,,"Job Name: EKO Kendall St Sewer Mainline Replacement
Job Number:
Location: Boise, ID
Contractor:
Phone:",,,
2026,EKO,EKO Kendall St Sewer Mainline Replacement,Selected,"Boise, ID",Phone:,,,"12"" PVC Sdr 35",1,,Cast-a-Seal 603-12,,
2026,EKO,EKO Kendall St Sewer Mainline Replacement,Selected,"Boise, ID",Phone:,,,"4"" PVC Sdr 35",1,,Cast-a-Seal 402-04,,
2026,EKO,EKO Kendall St Sewer Mainline Replacement,Selected,"Boise, ID",Phone:,,,"8"" PVC Sdr 35",2,,Cast-a-Seal 603-08,,
2026,EKO,EKO Kendall St Sewer Mainline Replacement,Selected,"Boise, ID",Phone:,,,"8"" RCP B",1,,S106-16AWS NPC Boot,,
2026,EKO,EKO Kendall St Sewer Mainline Replacement,Selected,"Boise, ID",Phone:,,,,,Quantity Part Number Description Weight (lbs),,,
2026,EKO,EKO Kendall St Sewer Mainline Replacement,Selected,"Boise, ID",Phone:,,,,,"Connectors 1 CAST-A-SEAL 402-04 CAST-A-SEAL 402-04
2 CAST-A-SEAL 603-08 CAST-A-SEAL 603-08
1 CAST-A-SEAL 603-12 CAST-A-SEAL 603-12
1 S106-16AWS NPC BOOT",,,
2026,EKP,EKP Campanos Estates,SAN MH-01,"Peoria, AZ",Phone:,,,,,"Job Name: EKP Campanos Estates
Job Number:
Location: Peoria, AZ
Maricopa County (OLSON - VIP)
Contractor:
Phone:",,,
2026,EKP,EKP Campanos Estates,SAN MH-01,"Peoria, AZ",Phone:,,,"8"" PVC Sdr 35",2,,12-08 PSX:DD,,
2026,EKP,EKP Campanos Estates,SAN MH-01,"Peoria, AZ",Phone:,,,,,Quantity Part Number Description Weight (lbs),,,
2026,EKP,EKP Campanos Estates,SAN MH-01,"Peoria, AZ",Phone:,,,,,Connectors 2 12-08 PSX-DD 12-08 PSX:DD,,,
2026,EKQ,EKQ IW10 Revolution,Holding MH,"Queen Creek, AZ",Phone:,,,,,"Job Name: EKQ IW10 Revolution
Job Number:
Location: Queen Creek, AZ
Maricopa County
Contractor:
Phone:",,,
2026,EKQ,EKQ IW10 Revolution,Holding MH,"Queen Creek, AZ",Phone:,,,"6"" PVC Sdr 35",2,,12-06 PSX:DD,,
2026,EKQ,EKQ IW10 Revolution,Holding MH,"Queen Creek, AZ",Phone:,,,,,Quantity Part Number Description Weight (lbs),,,
2026,EKQ,EKQ IW10 Revolution,Holding MH,"Queen Creek, AZ",Phone:,,,,,Connectors 2 12-06 PSX-DD 12-06 PSX:DD,,,
2026,EKR,EKR Cadence WG-5D Ph 2,Selected,Port St. Lucie,Phone:,,,,,"Job Name: EKR Cadence WG-5D Ph 2
Job Number:
Location: Port St. Lucie
Contractor:
Phone:",,,
2026,EKR,EKR Cadence WG-5D Ph 2,Selected,Port St. Lucie,Phone:,,,"8"" PVC C-900",1,,Cast-a-Seal 12-08.A,,
2026,EKR,EKR Cadence WG-5D Ph 2,Selected,Port St. Lucie,Phone:,,,"8"" PVC Sdr 26",18,,Cast-a-Seal 603-08,,
2026,EKR,EKR Cadence WG-5D Ph 2,Selected,Port St. Lucie,Phone:,,,,,Quantity Part Number Description Weight (lbs),,,
2026,EKR,EKR Cadence WG-5D Ph 2,Selected,Port St. Lucie,Phone:,,,,,"Connectors 1 CAST-A-SEAL 12-08.A CAST-A-SEAL 12-08.A
18 CAST-A-SEAL 603-08 CAST-A-SEAL 603-08",,,
2026,EKR,EKR Cadence WG-5D Ph 2,Selected,Port St. Lucie,Phone:,,,,,"Job Name: EKR Cadence WG-5D Ph 2
Job Number:
Location: Port St. Lucie
Contractor:
Phone:",,,
2026,EKR,EKR Cadence WG-5D Ph 2,Selected,Port St. Lucie,Phone:,,,"8"" PVC Sdr 26",38,,Cast-a-Seal 603-08,,
2026,EKR,EKR Cadence WG-5D Ph 2,Selected,Port St. Lucie,Phone:,,,,,Quantity Part Number Description Weight (lbs),,,
2026,EKR,EKR Cadence WG-5D Ph 2,Selected,Port St. Lucie,Phone:,,,,,Connectors 38 CAST-A-SEAL 603-08 CAST-A-SEAL 603-08,,,
2026,EKR,EKR Cadence WG-5D Ph 2,Selected,Port St. Lucie,Phone:,,,,,"Job Name: EKR Cadence WG-5D Ph 2
Job Number:
Location: Port St. Lucie
Contractor:
Phone:",,,
2026,EKR,EKR Cadence WG-5D Ph 2,Selected,Port St. Lucie,Phone:,,,"8"" PVC Sdr 26",19,,Cast-a-Seal 603-08,,
2026,EKR,EKR Cadence WG-5D Ph 2,Selected,Port St. Lucie,Phone:,,,,,Quantity Part Number Description Weight (lbs),,,
2026,EKR,EKR Cadence WG-5D Ph 2,Selected,Port St. Lucie,Phone:,,,,,Connectors 19 CAST-A-SEAL 603-08 CAST-A-SEAL 603-08,,,
2026,EKS,EKS Sunbridge PD Neighborhood E Outpost,Selected,"Kissimmee, FL",Phone:,,,,,"Job Name: EKS Sunbridge PD Neighborhood E Outpost
Job Number:
Location: Kissimmee, FL
Contractor:
Phone:",,,
2026,EKS,EKS Sunbridge PD Neighborhood E Outpost,Selected,"Kissimmee, FL",Phone:,,,"10"" HDPE DR11",2,,S106-14AWS Boot,,
2026,EKS,EKS Sunbridge PD Neighborhood E Outpost,Selected,"Kissimmee, FL",Phone:,,,"10"" PVC Sdr 26",2,,S106-14AWS Boot,,
2026,EKS,EKS Sunbridge PD Neighborhood E Outpost,Selected,"Kissimmee, FL",Phone:,,,"6"" HDPE DR11",4,,LS-475-S316-10,,
2026,EKS,EKS Sunbridge PD Neighborhood E Outpost,Selected,"Kissimmee, FL",Phone:,,,"8"" PVC Sdr 35",8,,S406-12AWS Boot,,
2026,EKS,EKS Sunbridge PD Neighborhood E Outpost,Selected,"Kissimmee, FL",Phone:,,,,,Quantity Part Number Description Weight (lbs),,,
2026,EKS,EKS Sunbridge PD Neighborhood E Outpost,Selected,"Kissimmee, FL",Phone:,,,,,"Connectors 4 LS-475-S316-10
4 S106-14AWS S106-14AWS BOOT
8 S406-12AWS BOOT",,,
2026,EKT,EKT Sweetwater Ave MH (OLSON),MH01,"Scottsdale, AZ",Phone:,,,,,"Job Name: EKT Sweetwater Ave MH (OLSON)
Job Number:
Location: Scottsdale, AZ
Contractor:
Phone:",,,
2026,EKT,EKT Sweetwater Ave MH (OLSON),MH01,"Scottsdale, AZ",Phone:,,,"4"" PVC Sdr 35",1,,Cast-a-Seal 402-04,,
2026,EKT,EKT Sweetwater Ave MH (OLSON),MH01,"Scottsdale, AZ",Phone:,,,"8"" PVC Sdr 35",1,,Cast-a-Seal 12-08,,
2026,EKT,EKT Sweetwater Ave MH (OLSON),MH01,"Scottsdale, AZ",Phone:,,,,,Quantity Part Number Description Weight (lbs),,,
2026,EKT,EKT Sweetwater Ave MH (OLSON),MH01,"Scottsdale, AZ",Phone:,,,,,"Connectors 1 CAST-A-SEAL 12-08
1 CAST-A-SEAL 402-04 CAST-A-SEAL 402-04",,,
2026,EKT,EKT Sweetwater Ave MH (OLSON),MH01,"Scottsdale, AZ",Phone:,,,,,"Job Name: EKT Sweetwater Ave MH (OLSON)
Job Number:
Location: Scottsdale, AZ
Contractor:
Phone:",,,
2026,EKT,EKT Sweetwater Ave MH (OLSON),MH01,"Scottsdale, AZ",Phone:,,,"4"" PVC Sdr 35",1,,Cast-a-Seal 402-04,,
2026,EKT,EKT Sweetwater Ave MH (OLSON),MH01,"Scottsdale, AZ",Phone:,,,"8"" PVC Sdr 35",1,,Cast-a-Seal 12-08.A,,
2026,EKT,EKT Sweetwater Ave MH (OLSON),MH01,"Scottsdale, AZ",Phone:,,,,,Quantity Part Number Description Weight (lbs),,,
2026,EKT,EKT Sweetwater Ave MH (OLSON),MH01,"Scottsdale, AZ",Phone:,,,,,"Connectors 1 CAST-A-SEAL 12-08.A CAST-A-SEAL 12-08.A
1 CAST-A-SEAL 402-04 CAST-A-SEAL 402-04",,,
2026,EKU,EKU VERN STREET FLIP OPP,Selected,"Pace, FL",Phone:,,,,,"Job Name: EKU VERN STREET FLIP OPP
Job Number:
Location: Pace, FL
Contractor:
Phone:",,,
2026,EKU,EKU VERN STREET FLIP OPP,Selected,"Pace, FL",Phone:,,,"8"" PVC Sdr 26",1,,12-08 PSX:DD,,
2026,EKU,EKU VERN STREET FLIP OPP,Selected,"Pace, FL",Phone:,,,"8"" PVC Sdr 26",3,,DogHouse,,
2026,EKU,EKU VERN STREET FLIP OPP,Selected,"Pace, FL",Phone:,,,,,Quantity Part Number Description Weight (lbs),,,
2026,EKU,EKU VERN STREET FLIP OPP,Selected,"Pace, FL",Phone:,,,,,Connectors 1 12-08 PSX-DD 12-08 PSX:DD,,,
2026,EKU,EKU VERN STREET FLIP OPP,Selected,"Pace, FL",Phone:,,,,,"Job Name: EKU VERN STREET FLIP OPP
Job Number:
Location: Pace, FL
Contractor:
Phone:",,,
2026,EKU,EKU VERN STREET FLIP OPP,Selected,"Pace, FL",Phone:,,,"8"" PVC Sdr 26",1,,12-08 PSX:DD,,
2026,EKU,EKU VERN STREET FLIP OPP,Selected,"Pace, FL",Phone:,,,"8"" PVC Sdr 26",3,,DogHouse,,
2026,EKU,EKU VERN STREET FLIP OPP,Selected,"Pace, FL",Phone:,,,,,Quantity Part Number Description Weight (lbs),,,
2026,EKU,EKU VERN STREET FLIP OPP,Selected,"Pace, FL",Phone:,,,,,Connectors 1 12-08 PSX-DD 12-08 PSX:DD,,,
2026,EKU,EKU VERN STREET FLIP OPP,Selected,"Pace, FL",Phone:,,,,,"Job Name: EKU VERN STREET FLIP OPP
Job Number:
Location: Pace, FL
Contractor:
Phone:",,,
2026,EKU,EKU VERN STREET FLIP OPP,Selected,"Pace, FL",Phone:,,,"8"" PVC Sdr 26",1,,12-08 PSX:DD,,
2026,EKU,EKU VERN STREET FLIP OPP,Selected,"Pace, FL",Phone:,,,"8"" PVC Sdr 26",3,,DogHouse,,
2026,EKU,EKU VERN STREET FLIP OPP,Selected,"Pace, FL",Phone:,,,,,Quantity Part Number Description Weight (lbs),,,
2026,EKU,EKU VERN STREET FLIP OPP,Selected,"Pace, FL",Phone:,,,,,Connectors 1 12-08 PSX-DD 12-08 PSX:DD,,,
2026,EKV,EKV Norton Creek I&I Rehab,Selected,"Saraland, AL",Phone:,,,,,"Job Name: EKV Norton Creek I&I Rehab
Job Number:
Location: Saraland, AL
Contractor:
Phone:",,,
2026,EKV,EKV Norton Creek I&I Rehab,Selected,"Saraland, AL",Phone:,,,"10"" PVC Sdr 26",1,,14M PSX:DD,,
2026,EKV,EKV Norton Creek I&I Rehab,Selected,"Saraland, AL",Phone:,,,12 HDPE DR11,2,,16M PSX:DD,,
2026,EKV,EKV Norton Creek I&I Rehab,Selected,"Saraland, AL",Phone:,,,"12"" PVC Sdr 26",1,,16M PSX:DD,,
2026,EKV,EKV Norton Creek I&I Rehab,Selected,"Saraland, AL",Phone:,,,"20"" HDPE",1,,26L PSX-2,,
2026,EKV,EKV Norton Creek I&I Rehab,Selected,"Saraland, AL",Phone:,,,"20"" HDPE",1,,26L PSX-2:DD,,
2026,EKV,EKV Norton Creek I&I Rehab,Selected,"Saraland, AL",Phone:,,,"21"" PVC Sdr 26",1,,26L PSX-2:DD,,
2026,EKV,EKV Norton Creek I&I Rehab,Selected,"Saraland, AL",Phone:,,,"24"" PVC Sdr 26",19,,28A PSX-2,,
2026,EKV,EKV Norton Creek I&I Rehab,Selected,"Saraland, AL",Phone:,,,"30"" PVC Sdr 26",7,,36A PSX-2:DD,,
2026,EKV,EKV Norton Creek I&I Rehab,Selected,"Saraland, AL",Phone:,,,"4"" PVC Sdr 26",1,,8QRS PSX:DD,,
2026,EKV,EKV Norton Creek I&I Rehab,Selected,"Saraland, AL",Phone:,,,"6"" PVC Sdr 26",3,,12-06 PSX:DD,,
2026,EKV,EKV Norton Creek I&I Rehab,Selected,"Saraland, AL",Phone:,,,"6"" PVC Sdr 26",2,,,,
2026,EKV,EKV Norton Creek I&I Rehab,Selected,"Saraland, AL",Phone:,,,"6"" Vitrified Clay",1,,12-08 PSX:DD,,
2026,EKV,EKV Norton Creek I&I Rehab,Selected,"Saraland, AL",Phone:,,,"8"" PVC Sdr 26",2,,12-08 PSX:DD,,
2026,EKV,EKV Norton Creek I&I Rehab,Selected,"Saraland, AL",Phone:,,,,,Quantity Part Number Description Weight (lbs),,,
2026,EKV,EKV Norton Creek I&I Rehab,Selected,"Saraland, AL",Phone:,,,,,"Connectors 3 12-06 PSX-DD 12-06 PSX:DD
3 12-08 PSX-DD 12-08 PSX:DD
1 14M PSX:DD
3 16M PSX-DD 16M PSX:DD
1 26L PSX-2
2 26L PSX-2:DD
19 28A PSX-2-DD 28A PSX-2
7 36A PSX-2-DD 36A PSX-2:DD
1 8QRS PSX-DD 8QRS PSX:DD",,,
2026,EKV,EKV Norton Creek I&I Rehab,Selected,"Saraland, AL",Phone:,,,,,"Job Name: EKV Norton Creek I&I Rehab
Job Number:
Location: Saraland, AL
Contractor:
Phone:",,,
2026,EKV,EKV Norton Creek I&I Rehab,Selected,"Saraland, AL",Phone:,,,"10"" PVC Sdr 26",1,,14M PSX:DD,,
2026,EKV,EKV Norton Creek I&I Rehab,Selected,"Saraland, AL",Phone:,,,12 HDPE DR11,1,,16M PSX:DD,,
2026,EKV,EKV Norton Creek I&I Rehab,Selected,"Saraland, AL",Phone:,,,12 HDPE DR11,1,,S106-16AWS Boot,,
2026,EKV,EKV Norton Creek I&I Rehab,Selected,"Saraland, AL",Phone:,,,"12"" PVC Sdr 26",1,,16M PSX:DD,,
2026,EKV,EKV Norton Creek I&I Rehab,Selected,"Saraland, AL",Phone:,,,"20"" HDPE",1,,26L PSX-2,,
2026,EKV,EKV Norton Creek I&I Rehab,Selected,"Saraland, AL",Phone:,,,"20"" HDPE",1,,26L PSX-2:DD,,
2026,EKV,EKV Norton Creek I&I Rehab,Selected,"Saraland, AL",Phone:,,,"21"" PVC Sdr 26",1,,26L PSX-2:DD,,
2026,EKV,EKV Norton Creek I&I Rehab,Selected,"Saraland, AL",Phone:,,,"24"" PVC Sdr 26",19,,28A PSX-2,,
2026,EKV,EKV Norton Creek I&I Rehab,Selected,"Saraland, AL",Phone:,,,"30"" PVC Sdr 26",7,,36A PSX-2:DD,,
2026,EKV,EKV Norton Creek I&I Rehab,Selected,"Saraland, AL",Phone:,,,"4"" PVC Sdr 26",1,,8QRS PSX:DD,,
2026,EKV,EKV Norton Creek I&I Rehab,Selected,"Saraland, AL",Phone:,,,"6"" PVC Sdr 26",3,,12-06 PSX:DD,,
2026,EKV,EKV Norton Creek I&I Rehab,Selected,"Saraland, AL",Phone:,,,"6"" PVC Sdr 26",2,,,,
2026,EKV,EKV Norton Creek I&I Rehab,Selected,"Saraland, AL",Phone:,,,"6"" Vitrified Clay",1,,12-08 PSX:DD,,
2026,EKV,EKV Norton Creek I&I Rehab,Selected,"Saraland, AL",Phone:,,,"8"" PVC Sdr 26",2,,12-08 PSX:DD,,
2026,EKV,EKV Norton Creek I&I Rehab,Selected,"Saraland, AL",Phone:,,,,,Quantity Part Number Description Weight (lbs),,,
2026,EKV,EKV Norton Creek I&I Rehab,Selected,"Saraland, AL",Phone:,,,,,"Connectors 3 12-06 PSX-DD 12-06 PSX:DD
3 12-08 PSX-DD 12-08 PSX:DD
1 14M PSX:DD
2 16M PSX-DD 16M PSX:DD
1 26L PSX-2
2 26L PSX-2:DD
19 28A PSX-2-DD 28A PSX-2
7 36A PSX-2-DD 36A PSX-2:DD
1 8QRS PSX-DD 8QRS PSX:DD
1 S106-16AWS S106-16AWS BOOT",,,
2026,EKV,EKV Norton Creek I&I Rehab,Selected,"Saraland, AL",Phone:,,,,,"Job Name: EKV Norton Creek I&I Rehab
Job Number:
Location: Saraland, AL
Contractor:
Phone:",,,
2026,EKV,EKV Norton Creek I&I Rehab,Selected,"Saraland, AL",Phone:,,,"10"" PVC Sdr 26",1,,14M PSX:DD,,
2026,EKV,EKV Norton Creek I&I Rehab,Selected,"Saraland, AL",Phone:,,,12 HDPE DR11,2,,16M PSX:DD,,
2026,EKV,EKV Norton Creek I&I Rehab,Selected,"Saraland, AL",Phone:,,,"12"" PVC Sdr 26",1,,16M PSX:DD,,
2026,EKV,EKV Norton Creek I&I Rehab,Selected,"Saraland, AL",Phone:,,,"20"" HDPE",1,,26L PSX-2,,
2026,EKV,EKV Norton Creek I&I Rehab,Selected,"Saraland, AL",Phone:,,,"20"" HDPE",1,,26L PSX-2:DD,,
2026,EKV,EKV Norton Creek I&I Rehab,Selected,"Saraland, AL",Phone:,,,"21"" PVC Sdr 26",1,,26L PSX-2:DD,,
2026,EKV,EKV Norton Creek I&I Rehab,Selected,"Saraland, AL",Phone:,,,"24"" PVC Sdr 26",19,,28A PSX-2,,
2026,EKV,EKV Norton Creek I&I Rehab,Selected,"Saraland, AL",Phone:,,,"30"" PVC Sdr 26",7,,36A PSX-2:DD,,
2026,EKV,EKV Norton Creek I&I Rehab,Selected,"Saraland, AL",Phone:,,,"4"" PVC Sdr 26",1,,8QRS PSX:DD,,
2026,EKV,EKV Norton Creek I&I Rehab,Selected,"Saraland, AL",Phone:,,,"6"" PVC Sdr 26",3,,12-06 PSX:DD,,
2026,EKV,EKV Norton Creek I&I Rehab,Selected,"Saraland, AL",Phone:,,,"6"" PVC Sdr 26",2,,,,
2026,EKV,EKV Norton Creek I&I Rehab,Selected,"Saraland, AL",Phone:,,,"6"" Vitrified Clay",1,,12-08 PSX:DD,,
2026,EKV,EKV Norton Creek I&I Rehab,Selected,"Saraland, AL",Phone:,,,"8"" PVC Sdr 26",2,,12-08 PSX:DD,,
2026,EKV,EKV Norton Creek I&I Rehab,Selected,"Saraland, AL",Phone:,,,,,Quantity Part Number Description Weight (lbs),,,
2026,EKV,EKV Norton Creek I&I Rehab,Selected,"Saraland, AL",Phone:,,,,,"Connectors 3 12-06 PSX-DD 12-06 PSX:DD
3 12-08 PSX-DD 12-08 PSX:DD
1 14M PSX:DD
3 16M PSX-DD 16M PSX:DD
1 26L PSX-2
2 26L PSX-2:DD
19 28A PSX-2-DD 28A PSX-2
7 36A PSX-2-DD 36A PSX-2:DD
1 8QRS PSX-DD 8QRS PSX:DD",,,
2026,EKX,"EKX Colin Creek R, T - Z",72_ Risers,"Plano, Tx",Phone:,,,,,"Job Name: EKX Colin Creek R, T - Z
Job Number:
Location: Plano, Tx
Contractor:
Phone:",,,
2026,EKX,"EKX Colin Creek R, T - Z",72_ Risers,"Plano, Tx",Phone:,,,,,Quantity Part Number Description Weight (lbs),,,
2026,EKY,EKY East 4 Mile Road Rehab,Selected,"Wind Point, WI",Phone:,,,,,"Job Name: EKY East 4 Mile Road Rehab
Job Number:
Location: Wind Point, WI
Contractor:
Phone:",,,
2026,EKY,EKY East 4 Mile Road Rehab,Selected,"Wind Point, WI",Phone:,,,"10"" PVC Sdr 35",1,,Cast-a-Seal 603-10,,
2026,EKY,EKY East 4 Mile Road Rehab,Selected,"Wind Point, WI",Phone:,,,"12"" PVC Sdr 35",1,,Cast-a-Seal 603-12,,
2026,EKY,EKY East 4 Mile Road Rehab,Selected,"Wind Point, WI",Phone:,,,"8"" PVC Sdr 35",1,,Cast-a-Seal 603-08,,
2026,EKY,EKY East 4 Mile Road Rehab,Selected,"Wind Point, WI",Phone:,,,,,Quantity Part Number Description Weight (lbs),,,
2026,EKY,EKY East 4 Mile Road Rehab,Selected,"Wind Point, WI",Phone:,,,,,"Connectors 1 CAST-A-SEAL 603-08 CAST-A-SEAL 603-08
1 CAST-A-SEAL 603-10 CAST-A-SEAL 603-10
1 CAST-A-SEAL 603-12 CAST-A-SEAL 603-12",,,
2026,EKZ,EKZ Price Road 66” Rehab (Tee's),Selected,"Chandler, AZ",All Bidders,,,,,"Job Name: EKZ Price Road 66” Rehab (Tee's)
Job Number: AZ2402
Location: Chandler, AZ
Maricopa County
Contractor: All Bidders
Phone:",,,
2026,EKZ,EKZ Price Road 66” Rehab (Tee's),Selected,"Chandler, AZ",All Bidders,,,48 PVC Sdr 26,2,,S206-54L Boot,,
2026,EKZ,EKZ Price Road 66” Rehab (Tee's),Selected,"Chandler, AZ",All Bidders,,,"48"" RCP C",1,,S206-62L,,
2026,EKZ,EKZ Price Road 66” Rehab (Tee's),Selected,"Chandler, AZ",All Bidders,,,66 HOBAS,1,,S206-74,,
2026,EKZ,EKZ Price Road 66” Rehab (Tee's),Selected,"Chandler, AZ",All Bidders,,,,,Quantity Part Number Description Weight (lbs),,,
2026,EKZ,EKZ Price Road 66” Rehab (Tee's),Selected,"Chandler, AZ",All Bidders,,,,,"Connectors 2 S206-54L BOOT
1 S206-62L
1 S206-74",,,
2026,EKZ,EKZ Price Road 66” Rehab (72 reducer Tee's),Selected,"Chandler, AZ",All Bidders,,,,,"Job Name: EKZ Price Road 66” Rehab (72 reducer Tee's)
Job Number: AZ2402
Location: Chandler, AZ
Maricopa County
Contractor: All Bidders
Phone:",,,
2026,EKZ,EKZ Price Road 66” Rehab (72 reducer Tee's),Selected,"Chandler, AZ",All Bidders,,,66 HOBAS,4,,S206-74,,
2026,EKZ,EKZ Price Road 66” Rehab (72 reducer Tee's),Selected,"Chandler, AZ",All Bidders,,,,,Quantity Part Number Description Weight (lbs),,,
2026,EKZ,EKZ Price Road 66” Rehab (72 reducer Tee's),Selected,"Chandler, AZ",All Bidders,,,,,Connectors 4 S206-74,,,
2026,ELA,ELA Western Branch SS Gravity Improvements,,"Portsmouth, VA",Phone:,,,,,"Job Name: ELA Western Branch SS Gravity Improvements
Job Number:
Location: Portsmouth, VA
Contractor:
Phone:",,,
2026,ELA,ELA Western Branch SS Gravity Improvements,,"Portsmouth, VA",Phone:,,,12 C900 DR-18,1,,16M PSX:DD,,
2026,ELA,ELA Western Branch SS Gravity Improvements,,"Portsmouth, VA",Phone:,,,"14"" Ductile Iron",1,,18M PSX-2:DD,,
2026,ELA,ELA Western Branch SS Gravity Improvements,,"Portsmouth, VA",Phone:,,,"18"" C905 DR18",2,,24L PSX-2:DD,,
2026,ELA,ELA Western Branch SS Gravity Improvements,,"Portsmouth, VA",Phone:,,,"24"" C905 DR18",12,,30L PSX-2:DD,,
2026,ELA,ELA Western Branch SS Gravity Improvements,,"Portsmouth, VA",Phone:,,,"27"" C905 DR18",1,,32A PSX-2:DD,,
2026,ELA,ELA Western Branch SS Gravity Improvements,,"Portsmouth, VA",Phone:,,,"8"" C905 DR18",6,,12M PSX:DD,,
2026,ELA,ELA Western Branch SS Gravity Improvements,,"Portsmouth, VA",Phone:,,,,,Quantity Part Number Description Weight (lbs),,,
2026,ELA,ELA Western Branch SS Gravity Improvements,,"Portsmouth, VA",Phone:,,,,,"Connectors 6 12M PSX:DD
1 16M PSX-DD 16M PSX:DD
1 18M PSX-2:DD
2 24L PSX-2-DD 24L PSX-2:DD
12 30L PSX-2:DD
1 32A PSX-2:DD",,,
2026,ELA,ELA Western Branch SS Gravity Improvements,Selected,"Portsmouth, VA",Phone:,,,,,"Job Name: ELA Western Branch SS Gravity Improvements
Job Number:
Location: Portsmouth, VA
Contractor:
Phone:",,,
2026,ELA,ELA Western Branch SS Gravity Improvements,Selected,"Portsmouth, VA",Phone:,,,12 C900 DR-18,1,,16M PSX:DD,,
2026,ELA,ELA Western Branch SS Gravity Improvements,Selected,"Portsmouth, VA",Phone:,,,"14"" Ductile Iron",1,,18M PSX-2:DD,,
2026,ELA,ELA Western Branch SS Gravity Improvements,Selected,"Portsmouth, VA",Phone:,,,"18"" C905 DR18",2,,24L PSX-2:DD,,
2026,ELA,ELA Western Branch SS Gravity Improvements,Selected,"Portsmouth, VA",Phone:,,,"24"" C905 DR18",12,,30L PSX-2:DD,,
2026,ELA,ELA Western Branch SS Gravity Improvements,Selected,"Portsmouth, VA",Phone:,,,"27"" C905 DR18",1,,32A PSX-2:DD,,
2026,ELA,ELA Western Branch SS Gravity Improvements,Selected,"Portsmouth, VA",Phone:,,,"8"" C905 DR18",6,,12M PSX:DD,,
2026,ELA,ELA Western Branch SS Gravity Improvements,Selected,"Portsmouth, VA",Phone:,,,,,Quantity Part Number Description Weight (lbs),,,
2026,ELA,ELA Western Branch SS Gravity Improvements,Selected,"Portsmouth, VA",Phone:,,,,,"Connectors 6 12M PSX:DD
1 16M PSX-DD 16M PSX:DD
1 18M PSX-2:DD
2 24L PSX-2-DD 24L PSX-2:DD
12 30L PSX-2:DD
1 32A PSX-2:DD",,,
2026,ELB,ELB Lakeland Airpark Sewer Improvements,Selected,"Lakeland, FL",Phone:,,,,,"Job Name: ELB Lakeland Airpark Sewer Improvements
Job Number:
Location: Lakeland, FL
Contractor:
Phone:",,,
2026,ELB,ELB Lakeland Airpark Sewer Improvements,Selected,"Lakeland, FL",Phone:,,,12 HDPE DR11,1,,LS-475-S316-17,,
2026,ELB,ELB Lakeland Airpark Sewer Improvements,Selected,"Lakeland, FL",Phone:,,,"12"" PVC Sdr 35",2,,LS-475-S316-17,,
2026,ELB,ELB Lakeland Airpark Sewer Improvements,Selected,"Lakeland, FL",Phone:,,,"15"" PVC Sdr 26",1,,18M PSX-2:DD,,
2026,ELB,ELB Lakeland Airpark Sewer Improvements,Selected,"Lakeland, FL",Phone:,,,"2"" PVC Schd 80",1,,"8QRS STEP ""S"" PSX:DD",,
2026,ELB,ELB Lakeland Airpark Sewer Improvements,Selected,"Lakeland, FL",Phone:,,,,,Quantity Part Number Description Weight (lbs),,,
2026,ELB,ELB Lakeland Airpark Sewer Improvements,Selected,"Lakeland, FL",Phone:,,,,,"Connectors 1 18M PSX-2:DD
1 8QRS STEP ""S"" PSX:DD
3 LS-475-S316-17",,,
2026,ELB,ELB Lakeland Airpark Sewer Improvements,Selected,"Lakeland, FL",Phone:,,,,,"Job Name: ELB Lakeland Airpark Sewer Improvements
Job Number:
Location: Lakeland, FL
Contractor:
Phone:",,,
2026,ELB,ELB Lakeland Airpark Sewer Improvements,Selected,"Lakeland, FL",Phone:,,,12 HDPE DR11,1,,LS-475-S316-17,,
2026,ELB,ELB Lakeland Airpark Sewer Improvements,Selected,"Lakeland, FL",Phone:,,,"12"" PVC Sdr 35",2,,LS-475-S316-17,,
2026,ELB,ELB Lakeland Airpark Sewer Improvements,Selected,"Lakeland, FL",Phone:,,,"15"" PVC Sdr 26",1,,18M PSX-2:DD,,
2026,ELB,ELB Lakeland Airpark Sewer Improvements,Selected,"Lakeland, FL",Phone:,,,"2"" PVC Schd 80",1,,"8QRS STEP ""S"" PSX:DD",,
2026,ELB,ELB Lakeland Airpark Sewer Improvements,Selected,"Lakeland, FL",Phone:,,,,,Quantity Part Number Description Weight (lbs),,,
2026,ELB,ELB Lakeland Airpark Sewer Improvements,Selected,"Lakeland, FL",Phone:,,,,,"Connectors 1 18M PSX-2:DD
1 8QRS STEP ""S"" PSX:DD
3 LS-475-S316-17",,,
2026,ELC,ELC ALCOSAN Wet Weather PS,Selected,"Pittsburgh, PA",Phone:,,,,,"Job Name: ELC ALCOSAN Wet Weather PS
Job Number:
Location: Pittsburgh, PA
Contractor:
Phone:",,,
2026,ELC,ELC ALCOSAN Wet Weather PS,Selected,"Pittsburgh, PA",Phone:,,,"12"" PVC Sdr 26",6,,S106-16AWS Boot,,
2026,ELC,ELC ALCOSAN Wet Weather PS,Selected,"Pittsburgh, PA",Phone:,,,"12"" Steel",2,,S106-16AWS NPC Boot,Tee,
2026,ELC,ELC ALCOSAN Wet Weather PS,Selected,"Pittsburgh, PA",Phone:,,,"15"" RCP C",1,,S206-24L Boot,,
2026,ELC,ELC ALCOSAN Wet Weather PS,Selected,"Pittsburgh, PA",Phone:,,,"16"" Ductile Iron",1,,S106-20WS Boot,,
2026,ELC,ELC ALCOSAN Wet Weather PS,Selected,"Pittsburgh, PA",Phone:,,,"30"" Ductile Iron",2,,S206-36 Boot,,
2026,ELC,ELC ALCOSAN Wet Weather PS,Selected,"Pittsburgh, PA",Phone:,,,"30"" RCP C",1,,S206-42 Boot,,
2026,ELC,ELC ALCOSAN Wet Weather PS,Selected,"Pittsburgh, PA",Phone:,,,"4"" PVC Sdr 26",5,,S106-7WS Boot,,
2026,ELC,ELC ALCOSAN Wet Weather PS,Selected,"Pittsburgh, PA",Phone:,,,"48"" Ductile Iron",2,,DogHouse S206-54L Boot,,
2026,ELC,ELC ALCOSAN Wet Weather PS,Selected,"Pittsburgh, PA",Phone:,,,"48"" Ductile Iron",8,,S206-54L Boot,,
2026,ELC,ELC ALCOSAN Wet Weather PS,Selected,"Pittsburgh, PA",Phone:,,,"48"" RCP B",1,,DogHouse S306-62L NPC Boot,,
2026,ELC,ELC ALCOSAN Wet Weather PS,Selected,"Pittsburgh, PA",Phone:,,,"48"" RCP C",1,,DogHouse S206-64L,,
2026,ELC,ELC ALCOSAN Wet Weather PS,Selected,"Pittsburgh, PA",Phone:,,,"6"" PVC Sdr 26",3,,S106-12BWS Boot,,
2026,ELC,ELC ALCOSAN Wet Weather PS,Selected,"Pittsburgh, PA",Phone:,,,"8"" Ductile Iron",2,,S106-12WS NPC Boot,,
2026,ELC,ELC ALCOSAN Wet Weather PS,Selected,"Pittsburgh, PA",Phone:,,,,,Quantity Part Number Description Weight (lbs),,,
2026,ELC,ELC ALCOSAN Wet Weather PS,Selected,"Pittsburgh, PA",Phone:,,,,,"Connectors 3 S106-12BWS BOOT
2 S106-12WS NPC BOOT
6 S106-16AWS S106-16AWS BOOT
2 S106-16AWS NPC BOOT
1 S106-20WS BOOT
5 S106-7WS BOOT
1 S206-24L BOOT
2 S206-36 BOOT
1 S206-42 BOOT
10 S206-54L BOOT
1 S206-64L
1 S306-62L NPC BOOT",,,
2026,ELC,ELC ALCOSAN Wet Weather PS,Selected,"Pittsburgh, PA",Phone:,,,,,"Job Name: ELC ALCOSAN Wet Weather PS
Job Number:
Location: Pittsburgh, PA
Contractor:
Phone:",,,
2026,ELC,ELC ALCOSAN Wet Weather PS,Selected,"Pittsburgh, PA",Phone:,,,"12"" PVC Sdr 26",6,,S106-16AWS Boot,,
2026,ELC,ELC ALCOSAN Wet Weather PS,Selected,"Pittsburgh, PA",Phone:,,,"12"" Steel",2,,S106-16AWS NPC Boot,Tee,
2026,ELC,ELC ALCOSAN Wet Weather PS,Selected,"Pittsburgh, PA",Phone:,,,"15"" RCP C",1,,S206-24L Boot,,
2026,ELC,ELC ALCOSAN Wet Weather PS,Selected,"Pittsburgh, PA",Phone:,,,"16"" Ductile Iron",1,,S106-20WS Boot,,
2026,ELC,ELC ALCOSAN Wet Weather PS,Selected,"Pittsburgh, PA",Phone:,,,"30"" Ductile Iron",2,,S206-36 Boot,,
2026,ELC,ELC ALCOSAN Wet Weather PS,Selected,"Pittsburgh, PA",Phone:,,,"30"" RCP C",1,,S206-42 Boot,,
2026,ELC,ELC ALCOSAN Wet Weather PS,Selected,"Pittsburgh, PA",Phone:,,,"4"" PVC Sdr 26",5,,S106-7WS Boot,,
2026,ELC,ELC ALCOSAN Wet Weather PS,Selected,"Pittsburgh, PA",Phone:,,,"48"" Ductile Iron",2,,DogHouse,,
2026,ELC,ELC ALCOSAN Wet Weather PS,Selected,"Pittsburgh, PA",Phone:,,,"48"" Ductile Iron",8,,S206-54L Boot,,
2026,ELC,ELC ALCOSAN Wet Weather PS,Selected,"Pittsburgh, PA",Phone:,,,"48"" RCP B",1,,DogHouse,,
2026,ELC,ELC ALCOSAN Wet Weather PS,Selected,"Pittsburgh, PA",Phone:,,,"48"" RCP C",1,,DogHouse,,
2026,ELC,ELC ALCOSAN Wet Weather PS,Selected,"Pittsburgh, PA",Phone:,,,"6"" PVC Sdr 26",3,,S106-12BWS Boot,,
2026,ELC,ELC ALCOSAN Wet Weather PS,Selected,"Pittsburgh, PA",Phone:,,,"8"" Ductile Iron",2,,S106-12WS NPC Boot,,
2026,ELC,ELC ALCOSAN Wet Weather PS,Selected,"Pittsburgh, PA",Phone:,,,,,Quantity Part Number Description Weight (lbs),,,
2026,ELC,ELC ALCOSAN Wet Weather PS,Selected,"Pittsburgh, PA",Phone:,,,,,"Connectors 3 S106-12BWS BOOT
2 S106-12WS NPC BOOT
6 S106-16AWS S106-16AWS BOOT
2 S106-16AWS NPC BOOT
1 S106-20WS BOOT
5 S106-7WS BOOT
1 S206-24L BOOT
2 S206-36 BOOT
1 S206-42 BOOT
8 S206-54L BOOT",,,
2026,ELC,ELC ALCOSAN Wet Weather PS,Selected,"Pittsburgh, PA",Phone:,,,,,"Job Name: ELC ALCOSAN Wet Weather PS
Job Number:
Location: Pittsburgh, PA
Contractor:
Phone:",,,
2026,ELC,ELC ALCOSAN Wet Weather PS,Selected,"Pittsburgh, PA",Phone:,,,"12"" PVC Sdr 26",6,,S106-16AWS Boot,,
2026,ELC,ELC ALCOSAN Wet Weather PS,Selected,"Pittsburgh, PA",Phone:,,,"12"" Steel",2,,S106-16AWS NPC Boot,Tee,
2026,ELC,ELC ALCOSAN Wet Weather PS,Selected,"Pittsburgh, PA",Phone:,,,"15"" RCP C",1,,S206-24L Boot,,
2026,ELC,ELC ALCOSAN Wet Weather PS,Selected,"Pittsburgh, PA",Phone:,,,"16"" Ductile Iron",1,,S106-20WS Boot,,
2026,ELC,ELC ALCOSAN Wet Weather PS,Selected,"Pittsburgh, PA",Phone:,,,"30"" Ductile Iron",2,,S206-36 Boot,,
2026,ELC,ELC ALCOSAN Wet Weather PS,Selected,"Pittsburgh, PA",Phone:,,,"30"" RCP C",1,,S206-42 Boot,,
2026,ELC,ELC ALCOSAN Wet Weather PS,Selected,"Pittsburgh, PA",Phone:,,,"4"" PVC Sdr 26",4,,S106-7WS Boot,,
2026,ELC,ELC ALCOSAN Wet Weather PS,Selected,"Pittsburgh, PA",Phone:,,,"4"" PVC Sdr 26",1,,S106-8SRWSBoot,,
2026,ELC,ELC ALCOSAN Wet Weather PS,Selected,"Pittsburgh, PA",Phone:,,,"48"" Ductile Iron",2,,DogHouse,,
2026,ELC,ELC ALCOSAN Wet Weather PS,Selected,"Pittsburgh, PA",Phone:,,,"48"" Ductile Iron",8,,S206-54L Boot,,
2026,ELC,ELC ALCOSAN Wet Weather PS,Selected,"Pittsburgh, PA",Phone:,,,"48"" RCP B",1,,DogHouse,,
2026,ELC,ELC ALCOSAN Wet Weather PS,Selected,"Pittsburgh, PA",Phone:,,,"48"" RCP C",1,,DogHouse,,
2026,ELC,ELC ALCOSAN Wet Weather PS,Selected,"Pittsburgh, PA",Phone:,,,"6"" PVC Sdr 26",3,,S106-12BWS Boot,,
2026,ELC,ELC ALCOSAN Wet Weather PS,Selected,"Pittsburgh, PA",Phone:,,,"8"" Ductile Iron",2,,S106-12WS NPC Boot,,
2026,ELC,ELC ALCOSAN Wet Weather PS,Selected,"Pittsburgh, PA",Phone:,,,,,Quantity Part Number Description Weight (lbs),,,
2026,ELC,ELC ALCOSAN Wet Weather PS,Selected,"Pittsburgh, PA",Phone:,,,,,"Connectors 3 S106-12BWS BOOT
2 S106-12WS NPC BOOT
6 S106-16AWS S106-16AWS BOOT
2 S106-16AWS NPC BOOT
1 S106-20WS BOOT
4 S106-7WS BOOT
1 S106-8SRWSBOOT
1 S206-24L BOOT
2 S206-36 BOOT
1 S206-42 BOOT
8 S206-54L BOOT",,,
2026,ELD,ELD KCK Emergency Manholes,,"Kansas City, KS",Phone:,,,,,"Job Name: ELD KCK Emergency Manholes
Job Number:
Location: Kansas City, KS
Contractor:
Phone:",,,
2026,ELD,ELD KCK Emergency Manholes,,"Kansas City, KS",Phone:,,,"36"" PVC Sdr 35",8,,42A PSX-2:DD,,
2026,ELD,ELD KCK Emergency Manholes,,"Kansas City, KS",Phone:,,,"36"" PVC Sdr 35",2,,In 48 IN CIP Base,,
2026,ELD,ELD KCK Emergency Manholes,,"Kansas City, KS",Phone:,,,"8"" PVC Sdr 35",1,,12-08 PSX:DD,,
2026,ELD,ELD KCK Emergency Manholes,,"Kansas City, KS",Phone:,,,,,Quantity Part Number Description Weight (lbs),,,
2026,ELD,ELD KCK Emergency Manholes,,"Kansas City, KS",Phone:,,,,,"Connectors 1 12-08 PSX-DD 12-08 PSX:DD
8 42A PSX-2-DD 42A PSX-2:DD",,,
2026,ELE,ELE Cesar Chavez BLVD US95 to SR195,Selected,"San Luis, AZ",Phone:,,,,,"Job Name: ELE Cesar Chavez BLVD US95 to SR195
Job Number:
Location: San Luis, AZ
Contractor:
Phone:",,,
2026,ELE,ELE Cesar Chavez BLVD US95 to SR195,Selected,"San Luis, AZ",Phone:,,,"10"" PVC Sdr 35",3,,Cast-a-Seal 603-10,,
2026,ELE,ELE Cesar Chavez BLVD US95 to SR195,Selected,"San Luis, AZ",Phone:,,,"12"" PVC Sdr 35",1,,Cast-a-Seal 603-12,,
2026,ELE,ELE Cesar Chavez BLVD US95 to SR195,Selected,"San Luis, AZ",Phone:,,,"16"" Ductile Iron",1,,20A PSX-2:DD,,
2026,ELE,ELE Cesar Chavez BLVD US95 to SR195,Selected,"San Luis, AZ",Phone:,,,"18"" PVC Sdr 35",3,,22M PSX-2:DD,,
2026,ELE,ELE Cesar Chavez BLVD US95 to SR195,Selected,"San Luis, AZ",Phone:,,,"8"" PVC Sdr 35",1,,12-08 PSX:DD,,
2026,ELE,ELE Cesar Chavez BLVD US95 to SR195,Selected,"San Luis, AZ",Phone:,,,"8"" PVC Sdr 35",1,,Cast-a-Seal 603-08,,
2026,ELE,ELE Cesar Chavez BLVD US95 to SR195,Selected,"San Luis, AZ",Phone:,,,,,Quantity Part Number Description Weight (lbs),,,
2026,ELE,ELE Cesar Chavez BLVD US95 to SR195,Selected,"San Luis, AZ",Phone:,,,,,"Connectors 1 12-08 PSX-DD 12-08 PSX:DD
1 20A PSX-2:DD
3 22M PSX-2-DD 22M PSX-2:DD
1 CAST-A-SEAL 603-08 CAST-A-SEAL 603-08
3 CAST-A-SEAL 603-10 CAST-A-SEAL 603-10
1 CAST-A-SEAL 603-12 CAST-A-SEAL 603-12",,,
2026,ELF,ELF Metering Manhole and Sample Building,Selected,"Seward, Nebraska",Phone:,,,,,"Job Name: ELF Metering Manhole and Sample Building
Job Number:
Location: Seward, Nebraska
Contractor:
Phone:",,,
2026,ELF,ELF Metering Manhole and Sample Building,Selected,"Seward, Nebraska",Phone:,,,"12"" Ductile Iron",2,,16M PSX:DD,,
2026,ELF,ELF Metering Manhole and Sample Building,Selected,"Seward, Nebraska",Phone:,,,"12"" PVC Sdr 26",2,,16M PSX:DD,,
2026,ELF,ELF Metering Manhole and Sample Building,Selected,"Seward, Nebraska",Phone:,,,"18"" Vitrified Clay",2,,DogHouse,,
2026,ELF,ELF Metering Manhole and Sample Building,Selected,"Seward, Nebraska",Phone:,,,"20"" C905 DR25",2,,26L PSX-2:DD,,
2026,ELF,ELF Metering Manhole and Sample Building,Selected,"Seward, Nebraska",Phone:,,,"4"" PVC Schd 80",1,,8QRS PSX:DD,,
2026,ELF,ELF Metering Manhole and Sample Building,Selected,"Seward, Nebraska",Phone:,,,"6"" PVC Schd 80",1,,10.5-06 PSX:DD,,
2026,ELF,ELF Metering Manhole and Sample Building,Selected,"Seward, Nebraska",Phone:,,,9.5 FAN DUCT,1,,Mortar,,
2026,ELF,ELF Metering Manhole and Sample Building,Selected,"Seward, Nebraska",Phone:,,,,,Quantity Part Number Description Weight (lbs),,,
2026,ELF,ELF Metering Manhole and Sample Building,Selected,"Seward, Nebraska",Phone:,,,,,"Connectors 1 10.5-06 PSX:DD
4 16M PSX-DD 16M PSX:DD
2 26L PSX-2:DD
1 8QRS PSX-DD 8QRS PSX:DD",,,
2026,ELF,ELF Metering Manhole and Sample Building,Selected,"Seward, Nebraska",Phone:,,,,,"Job Name: ELF Metering Manhole and Sample Building
Job Number:
Location: Seward, Nebraska
Contractor:
Phone:",,,
2026,ELF,ELF Metering Manhole and Sample Building,Selected,"Seward, Nebraska",Phone:,,,"12"" PVC Sdr 26",4,,16M PSX:DD,,
2026,ELF,ELF Metering Manhole and Sample Building,Selected,"Seward, Nebraska",Phone:,,,"15"" Vitrified Clay",2,,22L PSX-2:DD,,
2026,ELF,ELF Metering Manhole and Sample Building,Selected,"Seward, Nebraska",Phone:,,,"20"" C905 DR25",2,,26L PSX-2:DD,,
2026,ELF,ELF Metering Manhole and Sample Building,Selected,"Seward, Nebraska",Phone:,,,"4"" PVC Schd 80",1,,8QRS PSX:DD,,
2026,ELF,ELF Metering Manhole and Sample Building,Selected,"Seward, Nebraska",Phone:,,,"6"" PVC Schd 80",1,,10.5-06 PSX:DD,,
2026,ELF,ELF Metering Manhole and Sample Building,Selected,"Seward, Nebraska",Phone:,,,9.5 FAN DUCT,1,,Mortar,,
2026,ELF,ELF Metering Manhole and Sample Building,Selected,"Seward, Nebraska",Phone:,,,,,Quantity Part Number Description Weight (lbs),,,
2026,ELF,ELF Metering Manhole and Sample Building,Selected,"Seward, Nebraska",Phone:,,,,,"Connectors 1 10.5-06 PSX:DD
4 16M PSX-DD 16M PSX:DD
2 22L PSX-2-DD 22L PSX-2:DD
2 26L PSX-2:DD
1 8QRS PSX-DD 8QRS PSX:DD",,,
2026,ELF,ELF Metering Manhole and Sample Building,Selected,"Seward, Nebraska",Phone:,,,,,"Job Name: ELF Metering Manhole and Sample Building
Job Number:
Location: Seward, Nebraska
Contractor:
Phone:",,,
2026,ELF,ELF Metering Manhole and Sample Building,Selected,"Seward, Nebraska",Phone:,,,"12"" Ductile Iron",2,,16M PSX:DD,,
2026,ELF,ELF Metering Manhole and Sample Building,Selected,"Seward, Nebraska",Phone:,,,"12"" PVC Sdr 26",2,,16M PSX:DD,,
2026,ELF,ELF Metering Manhole and Sample Building,Selected,"Seward, Nebraska",Phone:,,,"18"" Vitrified Clay",2,,DogHouse,,
2026,ELF,ELF Metering Manhole and Sample Building,Selected,"Seward, Nebraska",Phone:,,,"20"" C905 DR25",2,,26L PSX-2:DD,,
2026,ELF,ELF Metering Manhole and Sample Building,Selected,"Seward, Nebraska",Phone:,,,"4"" PVC Schd 80",1,,8QRS PSX:DD,,
2026,ELF,ELF Metering Manhole and Sample Building,Selected,"Seward, Nebraska",Phone:,,,"6"" PVC Schd 80",1,,10.5-06 PSX:DD,,
2026,ELF,ELF Metering Manhole and Sample Building,Selected,"Seward, Nebraska",Phone:,,,9.5 FAN DUCT,1,,Mortar,,
2026,ELF,ELF Metering Manhole and Sample Building,Selected,"Seward, Nebraska",Phone:,,,,,Quantity Part Number Description Weight (lbs),,,
2026,ELF,ELF Metering Manhole and Sample Building,Selected,"Seward, Nebraska",Phone:,,,,,"Connectors 1 10.5-06 PSX:DD
4 16M PSX-DD 16M PSX:DD
2 26L PSX-2:DD
1 8QRS PSX-DD 8QRS PSX:DD",,,
2026,ELG,ELG Spruce Northwest Ph 2,SSMH #09 STA 22+28.85,"Redmond, OR",Phone:,,,,,"Job Name: ELG Spruce Northwest Ph 2
Job Number:
Location: Redmond, OR
Deschutes County
Contractor:
Phone:",,,
2026,ELG,ELG Spruce Northwest Ph 2,SSMH #09 STA 22+28.85,"Redmond, OR",Phone:,,,"24"" PVC Sdr 26",2,,S206-28 Boot,,
2026,ELG,ELG Spruce Northwest Ph 2,SSMH #09 STA 22+28.85,"Redmond, OR",Phone:,,,"8"" PVC Sdr 35",2,,S106-12WS Boot,,
2026,ELG,ELG Spruce Northwest Ph 2,SSMH #09 STA 22+28.85,"Redmond, OR",Phone:,,,,,Quantity Part Number Description Weight (lbs),,,
2026,ELG,ELG Spruce Northwest Ph 2,SSMH #09 STA 22+28.85,"Redmond, OR",Phone:,,,,,"Connectors 2 S106-12WS S106-12WS BOOT
2 S206-28 BOOT",,,
2026,ELH,ELH ADVANCED WATER RECLAMATION FACILITY,(AWRF)-Selected,"Lee County, FL",Phone:,,,,,"Job Name: ELH ADVANCED WATER RECLAMATION FACILITY
(AWRF)
Job Number:
Location: Lee County, FL
Contractor:
Phone:",,,
2026,ELH,ELH ADVANCED WATER RECLAMATION FACILITY,(AWRF)-Selected,"Lee County, FL",Phone:,,,"10"" PVC Sdr 26",1,,S106-16BWS Boot,,
2026,ELH,ELH ADVANCED WATER RECLAMATION FACILITY,(AWRF)-Selected,"Lee County, FL",Phone:,,,"12"" PVC Sdr 26",2,,S106-16AWS Boot,,
2026,ELH,ELH ADVANCED WATER RECLAMATION FACILITY,(AWRF)-Selected,"Lee County, FL",Phone:,,,,,Quantity Part Number Description Weight (lbs),,,
2026,ELH,ELH ADVANCED WATER RECLAMATION FACILITY,(AWRF)-Selected,"Lee County, FL",Phone:,,,,,"Connectors 2 S106-16AWS S106-16AWS BOOT
1 S106-16BWS BOOT",,,
2026,ELH,ELH ADVANCED WATER RECLAMATION FACILITY,(AWRF)-Selected,"Lee County, FL",Phone:,,,,,"Job Name: ELH ADVANCED WATER RECLAMATION FACILITY
(AWRF)
Job Number:
Location: Lee County, FL
Contractor:
Phone:",,,
2026,ELH,ELH ADVANCED WATER RECLAMATION FACILITY,(AWRF)-Selected,"Lee County, FL",Phone:,,,"10"" PVC Sdr 26",2,,S106-16BWS Boot,,
2026,ELH,ELH ADVANCED WATER RECLAMATION FACILITY,(AWRF)-Selected,"Lee County, FL",Phone:,,,"12"" PVC Sdr 26",1,,S106-16AWS Boot,,
2026,ELH,ELH ADVANCED WATER RECLAMATION FACILITY,(AWRF)-Selected,"Lee County, FL",Phone:,,,,,Quantity Part Number Description Weight (lbs),,,
2026,ELH,ELH ADVANCED WATER RECLAMATION FACILITY,(AWRF)-Selected,"Lee County, FL",Phone:,,,,,"Connectors 1 S106-16AWS S106-16AWS BOOT
2 S106-16BWS BOOT",,,
2026,ELI,ELI 1343 Hillsborough Ct,Selected,"Poinciana, Florida",Phone:,,,,,"Job Name: ELI 1343 Hillsborough Ct
Job Number:
Location: Poinciana, Florida
Polk County
Contractor:
Phone:",,,
2026,ELI,ELI 1343 Hillsborough Ct,Selected,"Poinciana, Florida",Phone:,,,,,"Job Notes: Please confirm angles and pipe type.
Please confirm Polymer spec.",,,
2026,ELI,ELI 1343 Hillsborough Ct,Selected,"Poinciana, Florida",Phone:,,,"6"" PVC Sdr 35",4,,S106-12BWS Boot,,
2026,ELI,ELI 1343 Hillsborough Ct,Selected,"Poinciana, Florida",Phone:,,,"8"" PVC Sdr 35",4,,S406-12AWS Boot,,
2026,ELI,ELI 1343 Hillsborough Ct,Selected,"Poinciana, Florida",Phone:,,,,,Quantity Part Number Description Weight (lbs),,,
2026,ELI,ELI 1343 Hillsborough Ct,Selected,"Poinciana, Florida",Phone:,,,,,"Connectors 4 S106-12BWS BOOT
4 S406-12AWS BOOT",,,
2026,ELJ,ELJ Masonry Rehab - City Of Fresno PUWMD,UPDATE-SSMH-001,"City of Fresno, CA",Phone:,,,,,"Job Name: ELJ Masonry Rehab - City Of Fresno PUWMD
UPDATE
Job Number:
Location: City of Fresno, CA
Fresno County
Contractor:
Phone:",,,
2026,ELJ,ELJ Masonry Rehab - City Of Fresno PUWMD,UPDATE-SSMH-001,"City of Fresno, CA",Phone:,,,"8"" PVC Sdr 35",2,,In 41 IN Rehab Base,,
2026,ELJ,ELJ Masonry Rehab - City Of Fresno PUWMD,UPDATE-SSMH-001,"City of Fresno, CA",Phone:,,,,,Quantity Part Number Description Weight (lbs),,,
2026,ELJ,ELJ Masonry Rehab - City Of Fresno PUWMD,UPDATE-SSMH-001,"City of Fresno, CA",Phone:,,,,,"Job Name: ELJ Masonry Rehab - City Of Fresno PUWMD
UPDATE
Job Number:
Location: City of Fresno, CA
Fresno County
Contractor:
Phone:",,,
2026,ELJ,ELJ Masonry Rehab - City Of Fresno PUWMD,UPDATE-SSMH-001,"City of Fresno, CA",Phone:,,,"8"" PVC Sdr 35",2,,In 41 IN Rehab Base,,
2026,ELJ,ELJ Masonry Rehab - City Of Fresno PUWMD,UPDATE-SSMH-001,"City of Fresno, CA",Phone:,,,,,Quantity Part Number Description Weight (lbs),,,
2026,ELK,ELK North River Charter Academy,Selected,"Manatee County, FL",Phone:,,,,,"Job Name: ELK North River Charter Academy
Job Number:
Location: Manatee County, FL
Contractor:
Phone:",,,
2026,ELK,ELK North River Charter Academy,Selected,"Manatee County, FL",Phone:,,,"8"" PVC Sdr 35",4,,Cast-a-Seal 603-08,,
2026,ELK,ELK North River Charter Academy,Selected,"Manatee County, FL",Phone:,,,,,Quantity Part Number Description Weight (lbs),,,
2026,ELK,ELK North River Charter Academy,Selected,"Manatee County, FL",Phone:,,,,,Connectors 4 CAST-A-SEAL 603-08 CAST-A-SEAL 603-08,,,
2026,ELM,ELM Western Trunkline 2,Selected,"Lakeland, FL",Phone:,,,,,"Job Name: ELM Western Trunkline 2
Job Number:
Location: Lakeland, FL
Polk County
Contractor:
Phone:",,,
2026,ELM,ELM Western Trunkline 2,Selected,"Lakeland, FL",Phone:,,,"42"" PVC Sdr 35",4,,48L PSX-2:DD,,
2026,ELM,ELM Western Trunkline 2,Selected,"Lakeland, FL",Phone:,,,,,Quantity Part Number Description Weight (lbs),,,
2026,ELM,ELM Western Trunkline 2,Selected,"Lakeland, FL",Phone:,,,,,Connectors 4 48L PSX-2:DD,,,
2026,ELN,ELN MAGNOLIA DELTONA,Selected,"Deltona, FL",Phone:,,,,,"Job Name: ELN MAGNOLIA DELTONA
Job Number:
Location: Deltona, FL
Contractor:
Phone:",,,
2026,ELN,ELN MAGNOLIA DELTONA,Selected,"Deltona, FL",Phone:,,,"6"" PVC C900 100",1,,S106-12BWS Boot,,
2026,ELN,ELN MAGNOLIA DELTONA,Selected,"Deltona, FL",Phone:,,,"6"" PVC Sdr 26",2,,S106-12BWS Boot,,
2026,ELN,ELN MAGNOLIA DELTONA,Selected,"Deltona, FL",Phone:,,,,,Quantity Part Number Description Weight (lbs),,,
2026,ELN,ELN MAGNOLIA DELTONA,Selected,"Deltona, FL",Phone:,,,,,Connectors 3 S106-12BWS BOOT,,,
2026,ELO,ELO Lemon Grove Rehab Project,Selected,"Lemon Grove, CA",Phone:,,,,,"Job Name: ELO Lemon Grove Rehab Project
Job Number:
Location: Lemon Grove, CA
Contractor:
Phone:",,,
2026,ELO,ELO Lemon Grove Rehab Project,Selected,"Lemon Grove, CA",Phone:,,,1.5 PVC Schd 80,2,,LS-360-S316-5,,
2026,ELO,ELO Lemon Grove Rehab Project,Selected,"Lemon Grove, CA",Phone:,,,"3"" PVC Schd 80",1,,8QRS PSX:DD,,
2026,ELO,ELO Lemon Grove Rehab Project,Selected,"Lemon Grove, CA",Phone:,,,"8"" PVC Sdr 35",1,,12-08 PSX:DD,,
2026,ELO,ELO Lemon Grove Rehab Project,Selected,"Lemon Grove, CA",Phone:,,,"8"" PVC Sdr 35",2,,"In 60""x2""w CIP Base",,
2026,ELO,ELO Lemon Grove Rehab Project,Selected,"Lemon Grove, CA",Phone:,,,,,Quantity Part Number Description Weight (lbs),,,
2026,ELO,ELO Lemon Grove Rehab Project,Selected,"Lemon Grove, CA",Phone:,,,,,"Connectors 1 12-08 PSX-DD 12-08 PSX:DD
1 8QRS PSX-DD 8QRS PSX:DD
2 LS-360-S316-5",,,
2026,ELO,ELO Lemon Grove Rehab Project,Selected,"Lemon Grove, CA",Phone:,,,,,"Job Name: ELO Lemon Grove Rehab Project
Job Number:
Location: Lemon Grove, CA
Contractor:
Phone:",,,
2026,ELO,ELO Lemon Grove Rehab Project,Selected,"Lemon Grove, CA",Phone:,,,1.5 PVC Schd 80,2,,LS-360-S316-5,,
2026,ELO,ELO Lemon Grove Rehab Project,Selected,"Lemon Grove, CA",Phone:,,,"3"" PVC Schd 80",1,,8QRS PSX:DD,,
2026,ELO,ELO Lemon Grove Rehab Project,Selected,"Lemon Grove, CA",Phone:,,,"8"" PVC Sdr 35",1,,12-08 PSX:DD,,
2026,ELO,ELO Lemon Grove Rehab Project,Selected,"Lemon Grove, CA",Phone:,,,"8"" PVC Sdr 35",2,,"In 60""x2""w CIP Base",,
2026,ELO,ELO Lemon Grove Rehab Project,Selected,"Lemon Grove, CA",Phone:,,,,,Quantity Part Number Description Weight (lbs),,,
2026,ELO,ELO Lemon Grove Rehab Project,Selected,"Lemon Grove, CA",Phone:,,,,,"Connectors 1 12-08 PSX-DD 12-08 PSX:DD
1 8QRS PSX-DD 8QRS PSX:DD
2 LS-360-S316-5",,,
2026,ELO,ELO Lemon Grove Rehab Project,Selected,"Lemon Grove, CA",Phone:,,,,,"Job Name: ELO Lemon Grove Rehab Project
Job Number:
Location: Lemon Grove, CA
Contractor:
Phone:",,,
2026,ELO,ELO Lemon Grove Rehab Project,Selected,"Lemon Grove, CA",Phone:,,,1.5 PVC Schd 80,2,,Link Seal,,
2026,ELO,ELO Lemon Grove Rehab Project,Selected,"Lemon Grove, CA",Phone:,,,"3"" PVC Schd 80",1,,8QRS PSX:DD,,
2026,ELO,ELO Lemon Grove Rehab Project,Selected,"Lemon Grove, CA",Phone:,,,"8"" PVC Sdr 35",1,,12-08 PSX:DD,,
2026,ELO,ELO Lemon Grove Rehab Project,Selected,"Lemon Grove, CA",Phone:,,,"8"" PVC Sdr 35",2,,"In 60""x2""w CIP Base",,
2026,ELO,ELO Lemon Grove Rehab Project,Selected,"Lemon Grove, CA",Phone:,,,,,Quantity Part Number Description Weight (lbs),,,
2026,ELO,ELO Lemon Grove Rehab Project,Selected,"Lemon Grove, CA",Phone:,,,,,"Connectors 1 12-08 PSX-DD 12-08 PSX:DD
1 8QRS PSX-DD 8QRS PSX:DD
2 LINK SEAL",,,
2026,ELP,ELP Grass Lake LS,SSMH-B13 (NEW),"Rockford, MI",Phone:,,,,,"Job Name: ELP Grass Lake LS
Job Number:
Location: Rockford, MI
Contractor:
Phone:",,,
2026,ELP,ELP Grass Lake LS,SSMH-B13 (NEW),"Rockford, MI",Phone:,,,"15"" PVC Sdr 26",2,,20Y PSX-2:DD,,
2026,ELP,ELP Grass Lake LS,SSMH-B13 (NEW),"Rockford, MI",Phone:,,,"21"" PVC Sdr 26",1,,26L PSX-2:DD,,
2026,ELP,ELP Grass Lake LS,SSMH-B13 (NEW),"Rockford, MI",Phone:,,,,,Quantity Part Number Description Weight (lbs),,,
2026,ELP,ELP Grass Lake LS,SSMH-B13 (NEW),"Rockford, MI",Phone:,,,,,"Connectors 2 20Y PSX-2:DD
1 26L PSX-2:DD",,,
2026,ELP,ELP Grass Lake LS,Selected,"Rockford, MI",Phone:,,,,,"Job Name: ELP Grass Lake LS
Job Number:
Location: Rockford, MI
Contractor:
Phone:",,,
2026,ELP,ELP Grass Lake LS,Selected,"Rockford, MI",Phone:,,,"15"" PVC Sdr 26",2,,20Y PSX-2:DD,,
2026,ELP,ELP Grass Lake LS,Selected,"Rockford, MI",Phone:,,,"21"" PVC Sdr 26",1,,26L PSX-2:DD,,
2026,ELP,ELP Grass Lake LS,Selected,"Rockford, MI",Phone:,,,,,Quantity Part Number Description Weight (lbs),,,
2026,ELP,ELP Grass Lake LS,Selected,"Rockford, MI",Phone:,,,,,"Connectors 2 20Y PSX-2:DD
1 26L PSX-2:DD",,,
2026,ELQ,ELQ Arbor Green,Selected,"Manatee County, FL",Phone:,,,,,"Job Name: ELQ Arbor Green
Job Number:
Location: Manatee County, FL
Contractor:
Phone:",,,
2026,ELQ,ELQ Arbor Green,Selected,"Manatee County, FL",Phone:,,,2 HDPE DR11,1,,Cast-a-Seal 402-02,,
2026,ELQ,ELQ Arbor Green,Selected,"Manatee County, FL",Phone:,,,"8"" PVC Sdr 26",1,,Cast-a-Seal 603-08,,
2026,ELQ,ELQ Arbor Green,Selected,"Manatee County, FL",Phone:,,,,,Quantity Part Number Description Weight (lbs),,,
2026,ELQ,ELQ Arbor Green,Selected,"Manatee County, FL",Phone:,,,,,"Connectors 1 CAST-A-SEAL 402-02
1 CAST-A-SEAL 603-08 CAST-A-SEAL 603-08",,,
2026,ELR,ELR Space-X Wet Well,Selected,"Brownsville, TX",Phone:,,,,,"Job Name: ELR Space-X Wet Well
Job Number:
Location: Brownsville, TX
Contractor:
Phone:",,,
2026,ELR,ELR Space-X Wet Well,Selected,"Brownsville, TX",Phone:,,,"10"" HDPE DR11",3,,S106-14AWS Boot,,
2026,ELR,ELR Space-X Wet Well,Selected,"Brownsville, TX",Phone:,,,12 HDPE DR11,1,,S106-16AWS Boot,,
2026,ELR,ELR Space-X Wet Well,Selected,"Brownsville, TX",Phone:,,,,,Quantity Part Number Description Weight (lbs),,,
2026,ELR,ELR Space-X Wet Well,Selected,"Brownsville, TX",Phone:,,,,,"Connectors 3 S106-14AWS S106-14AWS BOOT
1 S106-16AWS S106-16AWS BOOT",,,
2026,ELR,ELR Space-X Wet Well,Selected,"Brownsville, TX",Phone:,,,,,"Job Name: ELR Space-X Wet Well
Job Number:
Location: Brownsville, TX
Contractor:
Phone:",,,
2026,ELR,ELR Space-X Wet Well,Selected,"Brownsville, TX",Phone:,,,"10"" HDPE DR11",3,,S106-14AWS Boot,,
2026,ELR,ELR Space-X Wet Well,Selected,"Brownsville, TX",Phone:,,,12 HDPE DR11,1,,S106-16AWS Boot,,
2026,ELR,ELR Space-X Wet Well,Selected,"Brownsville, TX",Phone:,,,,,Quantity Part Number Description Weight (lbs),,,
2026,ELR,ELR Space-X Wet Well,Selected,"Brownsville, TX",Phone:,,,,,"Connectors 3 S106-14AWS S106-14AWS BOOT
1 S106-16AWS S106-16AWS BOOT",,,
2026,ELS,ELS Johnston Park,Selected,"Charlotte,NC",Phone:,,,,,"Job Name: ELS Johnston Park
Job Number:
Location: Charlotte,NC
Contractor:
Phone:",,,
2026,ELS,ELS Johnston Park,Selected,"Charlotte,NC",Phone:,,,"8"" Ductile Iron",8,,12M PSX:DD,,
2026,ELS,ELS Johnston Park,Selected,"Charlotte,NC",Phone:,,,,,Quantity Part Number Description Weight (lbs),,,
2026,ELS,ELS Johnston Park,Selected,"Charlotte,NC",Phone:,,,,,Connectors 8 12M PSX:DD,,,
2026,ELT,ELT TRSD Ph 1 WRRF,Selected,"Gila County, AZ",Phone:,,,,,"Job Name: ELT TRSD Ph 1 WRRF
Job Number:
Location: Gila County, AZ
Contractor:
Phone:",,,
2026,ELT,ELT TRSD Ph 1 WRRF,Selected,"Gila County, AZ",Phone:,,,"10"" PVC Schd 80",1,,Cast-a-Seal 603-10,,
2026,ELT,ELT TRSD Ph 1 WRRF,Selected,"Gila County, AZ",Phone:,,,"15"" PVC Sdr 26",1,,Cast-a-Seal 603-15,,
2026,ELT,ELT TRSD Ph 1 WRRF,Selected,"Gila County, AZ",Phone:,,,"15"" PVC Sdr 35",60,,Cast-a-Seal 603-15,,
2026,ELT,ELT TRSD Ph 1 WRRF,Selected,"Gila County, AZ",Phone:,,,"8"" PVC Sdr 26",1,,Cast-a-Seal 603-08,,
2026,ELT,ELT TRSD Ph 1 WRRF,Selected,"Gila County, AZ",Phone:,,,"8"" PVC Sdr 35",8,,Cast-a-Seal 603-08,,
2026,ELT,ELT TRSD Ph 1 WRRF,Selected,"Gila County, AZ",Phone:,,,,,Quantity Part Number Description Weight (lbs),,,
2026,ELT,ELT TRSD Ph 1 WRRF,Selected,"Gila County, AZ",Phone:,,,,,"Connectors 9 CAST-A-SEAL 603-08 CAST-A-SEAL 603-08
1 CAST-A-SEAL 603-10 CAST-A-SEAL 603-10
61 CAST-A-SEAL 603-15",,,
2026,ELT,ELT TRSD Ph 1 WRRF,Selected,"Gila County, AZ",Phone:,,,,,"Job Name: ELT TRSD Ph 1 WRRF
Job Number:
Location: Gila County, AZ
Contractor:
Phone:",,,
2026,ELT,ELT TRSD Ph 1 WRRF,Selected,"Gila County, AZ",Phone:,,,"10"" PVC Schd 80",1,,14M PSX:DD,,
2026,ELT,ELT TRSD Ph 1 WRRF,Selected,"Gila County, AZ",Phone:,,,"15"" PVC Sdr 26",1,,Cast-a-Seal 603-15,,
2026,ELT,ELT TRSD Ph 1 WRRF,Selected,"Gila County, AZ",Phone:,,,"15"" PVC Sdr 35",60,,Cast-a-Seal 603-15,,
2026,ELT,ELT TRSD Ph 1 WRRF,Selected,"Gila County, AZ",Phone:,,,"8"" PVC Sdr 26",1,,Cast-a-Seal 603-08,,
2026,ELT,ELT TRSD Ph 1 WRRF,Selected,"Gila County, AZ",Phone:,,,"8"" PVC Sdr 35",8,,Cast-a-Seal 603-08,,
2026,ELT,ELT TRSD Ph 1 WRRF,Selected,"Gila County, AZ",Phone:,,,,,Quantity Part Number Description Weight (lbs),,,
2026,ELT,ELT TRSD Ph 1 WRRF,Selected,"Gila County, AZ",Phone:,,,,,"Connectors 1 14M PSX:DD
9 CAST-A-SEAL 603-08 CAST-A-SEAL 603-08
61 CAST-A-SEAL 603-15",,,
2026,ELU,ELU TERRY ROAD AND UNA DRIVE,Selected,"Jacksonville, FL",Phone:,,,,,"Job Name: ELU TERRY ROAD AND UNA DRIVE
Job Number:
Location: Jacksonville, FL
Contractor:
Phone:",,,
2026,ELU,ELU TERRY ROAD AND UNA DRIVE,Selected,"Jacksonville, FL",Phone:,,,"8"" PVC Sdr 26",3,,12-08 PSX:DD,,
2026,ELU,ELU TERRY ROAD AND UNA DRIVE,Selected,"Jacksonville, FL",Phone:,,,,,Quantity Part Number Description Weight (lbs),,,
2026,ELU,ELU TERRY ROAD AND UNA DRIVE,Selected,"Jacksonville, FL",Phone:,,,,,Connectors 3 12-08 PSX-DD 12-08 PSX:DD,,,
2026,ELW,ELW Stone Butte,Misc__(OLSON),"Phoenix, AZ",Phone:,,,,,"Job Name: ELW Stone Butte
Job Number:
Location: Phoenix, AZ
Contractor:
Phone:",,,
2026,ELW,ELW Stone Butte,Misc__(OLSON),"Phoenix, AZ",Phone:,,,,,Quantity Part Number Description Weight (lbs),,,
2026,ELY,ELY Soleta Phase II,Selected,"Manatee County, Florida",Phone:,,,,,"Job Name: ELY Soleta Phase II
Job Number:
Location: Manatee County, Florida
Contractor:
Phone:",,,
2026,ELY,ELY Soleta Phase II,Selected,"Manatee County, Florida",Phone:,,,4 HDPE DR11,2,,Mortar,,
2026,ELY,ELY Soleta Phase II,Selected,"Manatee County, Florida",Phone:,,,"4"" PVC Schd 80",1,,Mortar,,
2026,ELY,ELY Soleta Phase II,Selected,"Manatee County, Florida",Phone:,,,"8"" PVC Sdr 35",1,,Cast-a-Seal 603-08,,
2026,ELY,ELY Soleta Phase II,Selected,"Manatee County, Florida",Phone:,,,,,Quantity Part Number Description Weight (lbs),,,
2026,ELY,ELY Soleta Phase II,Selected,"Manatee County, Florida",Phone:,,,,,Connectors 1 CAST-A-SEAL 603-08 CAST-A-SEAL 603-08,,,
